,Station,Latitude,Longitude,sample_name,Weather,Date,Event No.,Sampler_used,Sampling_Start_Time,Sampling_End_Time,Sample_Depth,Volume_sampled,Volume_error,Filepath,Read_Start_Time,Read_End_Time,Slope,stderr_slope,cnt219,cnt219_abserr,cnt220,cnt220_abserr,cpm_219,err_219,cpm_220,err_220,cpm_Tot,err_Tot,y219cc,y219cc_err,y220cc,y220cc_err,corr219,corr219_err,corr220,corr220_err,final219,final220,Read_Runtime,final219_err,final220_err,cntTot_abserr,errslope_abs,Detector_Name,Cartridge_Type,Read_Number,Spike_Value,Error_List,Mid_Sample_Datetime,Mid_Read_Datetime,Detector 226 Calibration Factor,Detector 226 Efficiency,blankcorr223,blankcorr223_err,blankcorr224,blankcorr224_err,dpm223,dpm223_err,dpm223_thstdonly,dpm223_thstdonly_err,dpm224,dpm224_err,vdpm223 (dpm/m^3),vdpm223_err (dpm/m^3),vdpm223_thstdonly (dpm/m^3),vdpm223_thstdonly_err (dpm/m^3),vdpm224 (dpm/m^3),vdpm224_err (dpm/m^3),t1_(mins),sampling_to_read_time_(days),vdpm226 (dpm/m^3),vdpm226_err (dpm/m^3),read_number,subsample_dummy_column
0,1,41 22.97,13 53.26,StnX001,"Calm, sunny, clouds",12/24/17,11,Sampler001,16:50:00,18:20:00,300,900,1,/Users/seanselzer/Documents/GitHub/RaDeCC_Reader/Output_Folder_Example/RaDeCC_Reader_Ouput_2020-07-15_200641/Read_Files/StnX001/1-StnX001-300-171220-detector1.txt,2017-12-20 20:41:48.000000000,2017-12-21 13:34:24.000000000,0.00013019327413750652,6.589377071347487e-05,0,0.0,14,0.003695099137639681,0.0,0.0,0.013825794983211534,0.2672612419124244,0.42761208769504244,0.2672612419124244,1.6056596336406586e-05,8.837774091812858e-06,0.00171930520964942,0.0009521843503545869,-1.6056596336406586e-05,8.837774091812858e-06,0.012106489773562113,0.0038158108802777034,-0.0003247720855622405,0.012106489766962067,1012.6,9.770370818037632e-05,0.0038158108802777034,0.11428413761414158,0.506122694509393,detector1,0,1,{},{'Err223_CR10': '90%'},2017-12-24 16:50:00.000000000,2017-12-21 05:08:06.000000000,0.000186,0.2,-0.0006589255233082784,0.0010189947716742,0.00474517505460819,0.006928291089947581,-0.0040591886442155585,0.0062778355003416005,-0.0016264318677458283,-1.5499484557965482,0.010658428494574023,0.016587945982902065,-0.004510209604683954,0.006975374578316717,-0.001807146519717587,1.722164950886224,0.01184269832730447,0.018431055789282128,-5021.9,-3.487430555555555,3.888687996938665,0.39363159797670083,Error: Read prior to sampling,None
1,1,41 22.97,13 53.26,StnX001,"Calm, sunny, clouds",12/24/17,11,Sampler001,16:50:00,18:20:00,300,900,1,/Users/seanselzer/Documents/GitHub/RaDeCC_Reader/Output_Folder_Example/RaDeCC_Reader_Ouput_2020-07-15_200641/Read_Files/StnX001/4-StnX001-400-171220-detector1.txt,2017-11-28 19:07:19.000000000,2017-11-29 09:30:59.800000000,0.004099068659324611,0.0003677742279559724,41,0.007413769263422621,1119,0.03873130947498548,0.04747128566135606,0.15617376188860607,1.2956187476843275,0.02989406377779755,4.888384586884031,0.02989406377779755,0.0012568667524775117,0.00010382261487712745,0.1303110450980052,0.01133135135630318,0.04621441890887855,0.007414496195064768,1.1653077025863223,0.04035484924029693,0.01649907249292733,1.1652530672090116,863.68,0.007485565774360602,0.04035486453414637,0.14613368061071377,0.08972141198936864,detector1,0,4,{},{'Err223_CR10': '100%'},2017-12-24 16:50:00.000000000,2017-11-29 02:19:09.400000000,0.000186,0.2,0.016164919055181293,0.007553972418031853,1.1578917524966577,0.04076709330234749,0.0995809898727461,0.04671100999003896,0.039900016862115584,0.5146273199521199,2.600811625791886,0.5603003917366546,0.11064554430305124,0.051901267815885666,0.04433335206901731,0.5718081354018909,2.8897906953243178,0.622564270935199,-36870.85,-25.604756944444443,122.4333530264221,2.197147123633318,Error: Read prior to sampling,None
2,1,41 22.97,13 53.26,StnX001,"Calm, sunny, clouds",12/24/17,11,Sampler001,16:50:00,18:20:00,400,900,1,/Users/seanselzer/Documents/GitHub/RaDeCC_Reader/Output_Folder_Example/RaDeCC_Reader_Ouput_2020-07-15_200641/Read_Files/StnX009/5-StnX009-4100b-190813-detector2.txt,2019-08-13 17:58:02.000000000,2019-08-14 12:54:47.000000000,0.01093724351040897,0.0003125706320921305,88,0.008252325946467439,1227,0.03081465562021024,0.07741367934902134,0.10660035817780522,1.0793930063778316,0.028548133476995915,7.962172861227183,0.028548133476995915,0.004962484561418992,0.0003156317383860985,0.49694930793825276,0.03474636802135834,0.07245119478760234,0.008258359820267966,0.5824436984395789,0.04644193247128965,0.05759888047739308,0.5823094751377668,1136.75,0.008342841281234671,0.04644197305028885,0.22730517360922808,0.028578556543488967,detector2,b,5,{},{'Err223_CR10': '32%'},2017-12-24 16:50:00.000000000,2019-08-14 03:26:24.500000000,0.000194,0.3,0.05633929915850058,0.00844845507096603,0.5783622159985168,0.04648919273411113,0.2906350404139483,0.043585570820213554,0.12972799631044196,0.15012576841002426,1.2118910425737686,0.09778295391441341,0.3229278226821648,0.048429741220601834,0.1441422181227133,0.16680648623176128,1.346545602859743,0.10865802772573008,860316.4,597.4419444444445,208.8057180299536,1.7915623277160715,5,None
3,1,41 22.97,13 53.26,StnX001,"Calm, sunny, clouds",12/24/17,11,Sampler001,16:50:00,18:20:00,400,900,1,/Users/seanselzer/Documents/GitHub/RaDeCC_Reader/Output_Folder_Example/RaDeCC_Reader_Ouput_2020-07-15_200641/Read_Files/StnX009/5-StnX009-3200b-190811-detector1.txt,2019-11-08 15:24:24.000000000,2019-11-09 09:30:39.000000000,0.0016287192380964718,0.00013285050732813887,9,0.0027617951668584577,106,0.009478140521046721,0.008285385500575374,0.3333333333333333,0.09758342922899885,0.09712858623572643,1.2805523590333716,0.09712858623572643,0.00013141238650970057,2.7597513471093484e-05,0.013962833398836,0.002983762916011811,0.008153973114065674,0.002761933048868586,0.08362059583016285,0.00993669909354586,0.006021647920396521,0.08361889397788742,1086.25,0.0027735317816277015,0.009936699361272101,0.12437824023373574,0.08156746983808262,detector1,b,5,{},{'Err223_CR10': '28%'},2017-12-24 16:50:00.000000000,2019-11-09 00:27:31.500000000,0.000186,0.2,0.005687494482650483,0.0029531818220025147,0.07625757926553355,0.011496903885364385,0.03503675635768689,0.018252566006119252,0.014038494407938657,0.5653399742064896,0.17128682217564928,0.0473320550005478,0.038929729286318764,0.02028067502381718,0.015598327119931843,0.6281555271351964,0.190318691306277,0.05259159736409975,985417.5166666667,684.3177199074074,48.64752801960788,0.7936847821444264,5,None
4,1,41 22.97,13 53.26,StnX001,"Calm, sunny, clouds",12/24/17,11,Sampler001,16:50:00,18:20:00,400,900,1,/Users/seanselzer/Documents/GitHub/RaDeCC_Reader/Output_Folder_Example/RaDeCC_Reader_Ouput_2020-07-15_200641/Read_Files/StnX009/4-StnX009-3800A-180513-detector1.txt,2018-05-13 20:52:43.000000000,2018-05-14 06:42:53.200000000,0.007329864925401282,0.0005156000457144384,26,0.008639916487779429,251,0.026844772722698307,0.044055102766999345,0.19611613513818402,0.42530118440449366,0.06311944030978031,4.01240320585594,0.06311944030978031,0.0012552148266009534,0.00017467648927644604,0.13014283643623614,0.01906429774320953,0.04279988794039839,0.00864168205800866,0.2951583479682575,0.0329255109447837,0.035273350067207825,0.2951114852013589,590.17,0.00868237282314923,0.032925532780145435,0.2532606446507952,0.0703423666004611,detector1,a,4,{},{'Err223_CR10': '1%'},2017-12-24 16:50:00.000000000,2018-05-14 01:47:48.100000000,0.000186,0.2,0.03493919662946179,0.008741418773303764,0.28775017048900503,0.0334295006485205,0.21523644961309696,0.05454254664208172,0.08624073711135959,0.3287168929018852,0.6463332924841451,0.15885973976502413,0.23915161068121885,0.0606034121568866,0.09582304123484399,0.3652410076315493,0.7181481027601612,0.17651262555797176,202137.8,140.3734722222222,218.9326441278758,3.0804322841132517,4,None
5,1,41 22.97,13 53.26,StnX001,"Calm, sunny, clouds",12/24/17,11,Sampler001,16:50:00,18:20:00,400,900,1,/Users/seanselzer/Documents/GitHub/RaDeCC_Reader/Output_Folder_Example/RaDeCC_Reader_Ouput_2020-07-15_200641/Read_Files/StnX009/1-StnX009-4000A-180118-detector2.txt,2018-01-18 05:56:52.000000000,2018-01-18 15:24:28.000000000,-999.0,-999.0,416,0.03593389368282442,375,0.034117189448620654,0.7329105003523608,0.049029033784546004,0.660676532769556,0.051639777949432225,5.190274841437632,0.051639777949432225,0.0014490123988862007,0.00020083595420241363,0.1498372351784702,0.021938325200757225,0.7314614879534747,0.03593445491849054,0.5108392975910858,0.040561961595653284,0.718435085864902,0.49730082428634226,567.6,0.03594933780865411,0.040654914800475235,0.26802464030836387,1.0,detector2,a,1,{},"{'Err224_CR2': '100%', 'Err226_short_read': True}",2017-12-24 16:50:00.000000000,2018-01-18 10:40:40.000000000,0.000194,0.3,0.7171755045460095,0.03597399451441257,0.4933535651470923,0.04070884765870285,3.699661423924084,0.18568341049845574,1.6513826511391092,0.05064388951167989,1.0337652597021112,0.08560907325792246,4.1107349154712045,0.20636545276204318,1.834869612376788,0.05630790891716968,1.1486280663356792,0.09512975395246057,35630.666666666664,24.743518518518517,-999.0,-999.0,3,None
6,1,41 22.97,13 53.26,StnX001,"Calm, sunny, clouds",12/24/17,11,Sampler001,16:50:00,18:20:00,400,900,1,/Users/seanselzer/Documents/GitHub/RaDeCC_Reader/Output_Folder_Example/RaDeCC_Reader_Ouput_2020-07-15_200641/Read_Files/StnX009/1-StnX009-3800B-180118-detector1.txt,2018-01-18 17:50:20.000000000,2018-01-19 04:06:14.000000000,0.0015909458265287975,0.0006089593597055402,517,0.03691773664848863,343,0.03007023733958782,0.839421984088326,0.04397994971335425,0.5569085890566651,0.053994924715603895,3.9649293716512424,0.053994924715603895,0.0006465231707452808,0.00010773610844961127,0.06771635947268513,0.011716207579475894,0.8387754609175807,0.03691789384995066,0.48919222958397995,0.03227210395534369,0.8263010590631892,0.47142000664552763,615.9,0.0369270647945285,0.03243502060215499,0.2140860629249955,0.38276561624615285,detector1,b,1,{},{'Err224_CR2': '100%'},2017-12-24 16:50:00.000000000,2018-01-18 22:58:17.000000000,0.000186,0.2,0.8259669056254432,0.03694099238880046,0.4640586919331738,0.032946492472116354,5.088216141604938,0.3049384570299875,2.0387416323895104,0.2159610640160629,1.0423506674325824,0.23555642286223508,5.653573490672152,0.33887873476416747,2.2652684804327894,0.23996993796352978,1.158167408258425,0.2617325222704874,36368.28333333333,25.255752314814814,47.51928992021498,3.637765384764021,3,None
7,1,41 22.97,13 53.26,StnX001,"Calm, sunny, clouds",12/24/17,11,Sampler001,16:50:00,18:20:00,400,900,1,/Users/seanselzer/Documents/GitHub/RaDeCC_Reader/Output_Folder_Example/RaDeCC_Reader_Ouput_2020-07-15_200641/Read_Files/StnX009/2-StnX009-3800b-180127-detector1.txt,2018-01-28 00:44:21.000000000,2018-01-28 10:56:25.200000000,-0.0004754975863308954,0.00045298671729049165,254,0.026038488163950574,193,0.022697475761677265,0.41498521410949724,0.06274558051381586,0.31532341072099596,0.07198157507486945,2.2742496773244887,0.07198157507486945,0.000228729839201744,4.883504658179341e-05,0.024211348687511625,0.0052884538008672296,0.4147564842702955,0.026038533958845856,0.29111206203348433,0.023305431760768432,0.4073331266884416,0.28673730607206493,612.07,0.026045314925317517,0.023332273241722146,0.1637040738873303,-0.9526582895738642,detector1,b,2,{},{'Err224_CR2': '100%'},2017-12-24 16:50:00.000000000,2018-01-28 05:50:23.100000000,0.000186,0.2,0.40699897325069556,0.02606505771889014,0.2793759913597111,0.024038214979057507,2.5072417928690354,0.18919413968040405,1.0045992708117741,0.22085618980741464,0.6275235355366844,0.14634566298431498,2.7858242142989282,0.2102384986239576,1.1162214120130824,0.24539890057429625,0.6972483728185382,0.16260813773089963,49740.38333333333,34.54193287037037,-14.202436867708942,2.7060156833545164,3,None
8,1,41 22.97,13 53.26,StnX001,"Calm, sunny, clouds",12/24/17,11,Sampler001,16:50:00,18:20:00,400,900,1,/Users/seanselzer/Documents/GitHub/RaDeCC_Reader/Output_Folder_Example/RaDeCC_Reader_Ouput_2020-07-15_200641/Read_Files/StnX009/StnX009_errorandspike_test-3200A-detector1.txt,2018-01-18 06:01:20.000000000,2018-01-18 15:24:30.800000000,-999.0,-999.0,53,0.013402757629663312,236,0.028282137589265465,0.09757354836334181,0.137360563948689,0.43447844176884276,0.06509445549041193,3.496078647962002,0.06509445549041193,0.0008679706013174044,0.0001308202207591256,0.09053811412130998,0.014248063280854113,0.0967055777620244,0.013403396062552864,0.3439403276475328,0.03166838508470815,0.08793509940701232,0.3437012871118632,563.18,0.013427700958478662,0.03166866474369262,0.22757533594074206,1.0,detector1,t,009,{90.08: 150.0},"{'S1': 1, 'Err223_Tot200': '1%', 'Err224_Tot100': '1%', 'Err223_CR10': '1%', 'Err223_CPM220_5': '1%', 'Err224_CPM219_1': '1%', 'Err224_CR2': '3%', 'Err226_short_read': True}",2017-12-24 16:50:00.000000000,2018-01-18 10:42:55.400000000,0.000186,0.2,0.08760094596926628,0.013465955493778966,0.33633997239950936,0.032192314787871365,0.5396494027362545,0.0857208019560032,0.2162262124158716,0.2618651266141203,0.7554738243441207,0.1783584948919323,0.5996104474847272,0.09524766560548942,0.2402513471287462,0.29096137424984236,0.8394153603823564,0.1981783001857717,35632.916666666664,24.745081018518515,-999.0,-999.0,3,None
9,1,41 22.97,13 53.26,StnX001,"Calm, sunny, clouds",12/24/17,11,Sampler001,16:50:00,18:20:00,400,900,1,/Users/seanselzer/Documents/GitHub/RaDeCC_Reader/Output_Folder_Example/RaDeCC_Reader_Ouput_2020-07-15_200641/Read_Files/StnX009/4-StnX009-4100B-180525-detector2.txt,2018-05-14 08:46:34.000000000,2018-05-14 18:45:07.000000000,0.01018448353978721,0.0005995689790770594,41,0.010697726568261382,338,0.03071552303207791,0.06849887227466378,0.15617376188860607,0.5646980202155208,0.05439282932204211,4.544315428953304,0.05439282932204211,0.0015413563585728951,0.0001895039626155421,0.15919477855583272,0.02070834908126535,0.06695751591609088,0.010699404912476788,0.4055032416596881,0.03704428534613203,0.056617183253768834,0.40538859177762504,598.55,0.010741023691940415,0.037044358257557454,0.24717817351257965,0.05887082803313034,detector2,b,4,{},{'Err224_CR2': '1%'},2017-12-24 16:50:00.000000000,2018-05-14 13:45:50.500000000,0.000194,0.3,0.055357601934876335,0.01082326117180416,0.40144133263837506,0.03710353970957274,0.28557080254581985,0.055835664585926245,0.1274675206618896,0.19564516187076847,0.8411738209824049,0.07797109954664158,0.31730089171757764,0.06204062905739244,0.14163057851321065,0.21738357015005788,0.9346375788693387,0.0866407789820273,202855.83333333334,140.8721064814815,194.4345845702026,3.434569060210634,4,None
10,1,41 22.97,13 53.26,StnX001,"Calm, sunny, clouds",12/24/17,11,Sampler001,16:50:00,18:20:00,400,900,1,/Users/seanselzer/Documents/GitHub/RaDeCC_Reader/Output_Folder_Example/RaDeCC_Reader_Ouput_2020-07-15_200641/Read_Files/StnX009/3-StnX009-3800A-180219-detector1.txt,2018-02-19 23:13:48.000000000,2018-02-20 09:04:33.000000000,0.005914764877594645,0.0005524630740519979,93,0.01632441940074982,255,0.027031264363387743,0.15742699957680914,0.10369516947304253,0.4316546762589928,0.06262242910851494,4.064325010579772,0.06262242910851494,0.001205928048985663,0.00017229664657182232,0.1251214367477355,0.01880011765391327,0.15622107152782347,0.016325328630872854,0.3065332395112573,0.032926185276833046,0.1484044739202864,0.305910028656292,590.75,0.016346905298232784,0.0329272300676299,0.254517904848996,0.09340406347253957,detector1,a,3,{},{'Err224_CR2': '11%'},2017-12-24 16:50:00.000000000,2018-02-20 04:09:10.500000000,0.000186,0.2,0.14807032048254037,0.01637834293081868,0.29854871394393817,0.03343117234976411,0.912159784660348,0.10727966601865233,0.36548332001319506,0.23882909575135108,0.6705885627187347,0.16339361333321398,1.0135108718448311,0.11920494824306072,0.40609257779243896,0.26536604555606097,0.7450984030208163,0.181550346891536,82759.16666666667,57.47164351851852,176.66561761035382,3.300490811600188,4,None
11,1,41 22.97,13 53.26,StnX001,"Calm, sunny, clouds",12/24/17,11,Sampler001,16:50:00,18:20:00,400,900,1,/Users/seanselzer/Documents/GitHub/RaDeCC_Reader/Output_Folder_Example/RaDeCC_Reader_Ouput_2020-07-15_200641/Read_Files/StnX009/4-StnX009-4000B-180514-detector2.txt,2018-05-14 08:44:13.000000000,2018-05-14 18:45:08.800000000,0.0032872027927130752,0.0003500210434714035,10,0.005262306192349158,81,0.014976785981728323,0.01664087331303147,0.31622776601683794,0.13479107383555491,0.1111111111111111,1.7705889205065484,0.1111111111111111,0.00025194529732753667,6.046646610403953e-05,0.02664816872593534,0.006550162700045977,0.01638892801570393,0.005262653575484463,0.10814290510961957,0.01634652102863382,0.013631283935408633,0.10813603082999826,600.93,0.0052791358331717095,0.01634652341674122,0.19673210227850535,0.10647990572632592,detector2,b,4,{},"{'Err224_CR2': '1%', 'Err223_CR10': '8%'}",2017-12-24 16:50:00.000000000,2018-05-14 13:44:40.900000000,0.000194,0.3,0.012371702616516137,0.005444508020687987,0.1041887716907483,0.0164802004866338,0.06382135283267894,0.028086593841241188,0.028487329721195716,0.440144452562896,0.21831550481006026,0.03456841747007935,0.07091261425853215,0.031207425956283612,0.031652588579106355,0.489049393001144,0.2425727831222892,0.03841029838661937,202854.66666666666,140.8712962962963,62.756830712353484,2.0048115663388035,4,None
12,1,41 22.97,13 53.26,StnX001,"Calm, sunny, clouds",12/24/17,11,Sampler001,16:50:00,18:20:00,400,900,1,/Users/seanselzer/Documents/GitHub/RaDeCC_Reader/Output_Folder_Example/RaDeCC_Reader_Ouput_2020-07-15_200641/Read_Files/StnX009/3-StnX009-3800A-180220-detector1.txt,2018-02-20 11:11:28.000000000,2018-02-20 21:07:46.000000000,0.0061778462705810435,0.0006091887532493442,72,0.014229886591042377,235,0.025708049164440534,0.12074459164849909,0.1178511301977579,0.3940969310749623,0.06523280730534421,3.8185477108837835,0.06523280730534421,0.001085935773840359,0.00015985378423754172,0.1128737632791508,0.01743182991222721,0.11965865587465872,0.014230784434677617,0.28122316779581147,0.03106078694962687,0.11248746509586553,0.28085732245629813,596.3,0.014252809159433758,0.031061279684368105,0.2490945870103451,0.09860859700415438,detector1,a,3,{},{'Err224_CR2': '15%'},2017-12-24 16:50:00.000000000,2018-02-20 16:09:37.000000000,0.000186,0.2,0.1121533116581195,0.014288854861931589,0.2734960077439443,0.031594998027908466,0.6908997041245549,0.09225906839417031,0.2768290401594519,0.24718601573731838,0.6143161439870185,0.150953904377789,0.7676663379161721,0.10251362458420256,0.307587822399391,0.27465134123542456,0.6825734933189095,0.1677282750866598,83479.61666666667,57.97195601851852,184.52348478438,3.6393514036559074,4,None
13,1,41 22.97,13 53.26,StnX001,"Calm, sunny, clouds",12/24/17,11,Sampler001,16:50:00,18:20:00,400,900,1,/Users/seanselzer/Documents/GitHub/RaDeCC_Reader/Output_Folder_Example/RaDeCC_Reader_Ouput_2020-07-15_200641/Read_Files/StnX009/5-StnX009-4100b-190814-detector2.txt,2019-08-14 16:35:50.000000000,2019-08-15 13:08:21.800000000,0.010467884589464595,0.00027849314878551407,95,0.007907957084053908,1333,0.02962221814240414,0.07707723138584863,0.1025978352085154,1.081515257235118,0.027389551783238836,7.9803331359074425,0.027389551783238836,0.0049881553291838115,0.00030431271496579425,0.49943136716778874,0.03350126158474364,0.07208907605666481,0.0079138101741025,0.5820838900673293,0.04471923898553728,0.057245936859947916,0.5819510043679463,1232.53,0.007995546769443085,0.04471927729798203,0.21857774767343366,0.026604529922483435,detector2,b,5,{},{'Err223_CR10': '38%'},2017-12-24 16:50:00.000000000,2019-08-15 02:52:05.900000000,0.000194,0.3,0.05598635554105542,0.00810568692860821,0.5780037452286964,0.04476831404374513,0.2888143258496539,0.041817433749302996,0.12891530128253775,0.14495484589233548,1.2111399085906815,0.09419075441393188,0.3209048064996154,0.04646518337172601,0.14323922364726419,0.16106101851585733,1.3457110095452018,0.10466707451670265,861722.0833333334,598.418113425926,199.8450666182626,1.596425664657646,5,None
14,1,41 22.97,13 53.26,StnX001,"Calm, sunny, clouds",12/24/17,11,Sampler001,16:50:00,18:20:00,400,900,1,/Users/seanselzer/Documents/GitHub/RaDeCC_Reader/Output_Folder_Example/RaDeCC_Reader_Ouput_2020-07-15_200641/Read_Files/StnX009/5-StnX009-4100A-190815-detector1.txt,2019-08-15 21:42:42.000000000,2019-08-16 08:13:19.200000000,0.004031523509295242,0.00036583392783412787,0,0.0,3,0.002746584008703938,0.0,0.0,0.00475722305033142,0.5773502691896257,0.07452982778852557,0.5773502691896257,4.533795111251356e-07,5.599613630146136e-07,4.871615424927072e-05,6.023127384206315e-05,-4.533795111251356e-07,5.599613630146136e-07,0.00470850689608215,0.002747244350839006,-0.00012052030536121996,0.0047085068960768875,630.62,7.005696885178387e-05,0.002747244350839006,0.043029816136361684,0.09074334479028748,detector1,a,5,{},{'Err223_CR10': '1%'},2017-12-24 16:50:00.000000000,2019-08-16 02:58:00.600000000,0.000186,0.2,-0.0004546737431072579,0.0010167164348980785,-0.002652807816276989,0.006402199331184415,-0.0028009333825432894,0.006263363256615525,-0.0011222753392585631,-2.2368456624495128,-0.005958634211434798,0.014552802865570813,-0.003112148202825877,0.006959293366444033,-0.0012469725991761812,2.4853840693887337,-0.006620704679371997,0.016169782635104865,863168.0,599.4222222222222,120.41587542697856,2.185551680700395,5,None
15,1,41 22.97,13 53.26,StnX001,"Calm, sunny, clouds",12/24/17,11,Sampler001,16:50:00,18:20:00,400,900,1,/Users/seanselzer/Documents/GitHub/RaDeCC_Reader/Output_Folder_Example/RaDeCC_Reader_Ouput_2020-07-15_200641/Read_Files/StnX009/2-StnX009-3800A-180125-detector1.txt,2018-01-25 13:14:49.000000000,2018-01-26 00:16:40.000000000,-1.911203332430105e-05,0.0003906696683097315,327,0.02732211425553392,247,0.023745914701974333,0.4940696532446929,0.0553001263609331,0.3731963435823827,0.06362847629757779,2.684898390874065,0.06362847629757779,0.0003187886379474754,6.0189003914926965e-05,0.033649499400426705,0.006525601401114626,0.4937508646067454,0.027322180551863754,0.33954684418195596,0.024626244916342195,0.4850924200801055,0.33335474003311394,661.85,0.02732939617850655,0.02466604907041415,0.17083599362513519,-20.44103113889996,detector1,a,2,{},{'Err224_CR2': '97%'},2017-12-24 16:50:00.000000000,2018-01-25 18:45:44.500000000,0.000186,0.2,0.48475826664235944,0.027348212003929534,0.3259934253207601,0.025334853097996837,2.986263517711216,0.2063560238140174,1.1965332425763353,0.2187397960374689,0.7322338108703293,0.1680626747587377,3.3180705752346844,0.22931410921975845,1.3294813806403725,0.24304870692892186,0.8135931231892548,0.1867384933927834,46195.73333333333,32.08037037037037,-0.5708492629719549,2.3337495154532975,3,None
16,1,41 22.97,13 53.26,StnX001,"Calm, sunny, clouds",12/24/17,11,Sampler001,16:50:00,18:20:00,400,900,1,/Users/seanselzer/Documents/GitHub/RaDeCC_Reader/Output_Folder_Example/RaDeCC_Reader_Ouput_2020-07-15_200641/Read_Files/StnX009/3-StnX009-3200B-180219-detector2.txt,2018-02-19 23:07:15.000000000,2018-02-20 09:04:37.200000000,0.0014777860456337594,0.00029950209097956735,7,0.004428999298700287,49,0.011718030701240436,0.011718030701240436,0.37796447300922725,0.08202621490868306,0.14285714285714285,1.0881028508294692,0.14285714285714285,9.381876355650191e-05,2.9142245878450317e-05,0.009986794912338068,0.0031482280927111928,0.011624211937683935,0.004429095173777876,0.07203941999634499,0.012133572583495324,0.009787206727777137,0.07203596150861889,597.37,0.0044398892096136474,0.012133573729591344,0.15544326440420989,0.202669453987924,detector2,b,3,{},{'Err223_CR10': '11%'},2017-12-24 16:50:00.000000000,2018-02-20 04:05:56.100000000,0.000194,0.3,0.00852762540888464,0.0046353002746210474,0.06808870236936894,0.012313074015736487,0.04399108246578622,0.023912070323812804,0.019635880710342512,0.543621651263506,0.14267199035374253,0.025822044461387767,0.04887898051754025,0.026569022534274702,0.021817645233713902,0.6040240574459105,0.15852443372638061,0.02869170117384732,82755.93333333333,57.46939814814815,28.212792012862913,1.7153871245007595,4,None
17,1,41 22.97,13 53.26,StnX001,"Calm, sunny, clouds",12/24/17,11,Sampler001,16:50:00,18:20:00,400,900,1,/Users/seanselzer/Documents/GitHub/RaDeCC_Reader/Output_Folder_Example/RaDeCC_Reader_Ouput_2020-07-15_200641/Read_Files/StnX009/2-StnX009-3400A-180125-detector1.txt,2018-01-25 01:17:53.000000000,2018-01-25 11:05:20.000000000,-999.0,-999.0,26,0.0086799208674658,100,0.017022725338326664,0.04425908587964933,0.19611613513818402,0.17022725338326664,0.1,2.357647459358243,0.1,0.0004461682822703499,9.647953731287034e-05,0.04693733865984791,0.010474277407332264,0.04381291759737898,0.008680457048254334,0.12328991472341873,0.019987087460404524,0.0406690247719318,0.12324080811072344,587.45,0.008695406765635063,0.0199871254947101,0.2357647459358243,1.0,detector1,a,2,{},"{'Err223_CR10': '5%', 'Err226_short_read': True}",2017-12-24 16:50:00.000000000,2018-01-25 06:11:36.500000000,0.000186,0.2,0.040334871334185764,0.008754364805624632,0.11587949339836956,0.020806873630949265,0.24847550427792864,0.054847159639163076,0.09955893010484518,0.3040594554857057,0.26028403170807074,0.07484695271607655,0.2760838936421429,0.060942060550967084,0.11062103344982797,0.33784386178715076,0.2892044796756342,0.08316390161004067,45441.6,31.556666666666665,-999.0,-999.0,3,None
18,1,41 22.97,13 53.26,StnX001,"Calm, sunny, clouds",12/24/17,11,Sampler001,16:50:00,18:20:00,400,900,1,/Users/seanselzer/Documents/GitHub/RaDeCC_Reader/Output_Folder_Example/RaDeCC_Reader_Ouput_2020-07-15_200641/Read_Files/StnX009/3-StnX009-3200B-180220-detector2.txt,2018-02-20 11:05:08.000000000,2018-02-20 21:07:51.200000000,0.0013270544671976576,0.0002669891338128079,2,0.002346385655649547,50,0.011731928278247736,0.003318290416777276,0.7071067811865476,0.08295726041943191,0.1414213562373095,0.9191664454473055,0.1414213562373095,6.56081504794902e-05,2.039797318761648e-05,0.006995335939347006,0.0022019698848499843,0.0032526822662977857,0.0023464743174277697,0.0759619244800849,0.01193678400993061,0.0013156531920556207,0.07596165364766652,602.72,0.0023661347747277774,0.011936784035520983,0.1299897653229849,0.20118928078107387,detector2,b,3,{},{'Err223_CR10': '100%'},2017-12-24 16:50:00.000000000,2018-02-20 16:06:29.600000000,0.000194,0.3,5.607187316312447e-05,0.0027151401832012888,0.07201439450841657,0.01211919937026553,0.00028925548180859154,0.01400647778716491,0.0001291122158683767,48.42277425246407,0.150897823590446,0.025418580873919037,0.00032139497978732394,0.015562753100947003,0.00014345801763152965,53.80308250273786,0.1676642484338289,0.028243482039381162,83476.48333333334,57.96978009259259,25.335136830806753,1.5291707068573503,4,None
19,1,41 22.97,13 53.26,StnX001,"Calm, sunny, clouds",12/24/17,11,Sampler001,16:50:00,18:20:00,400,900,1,/Users/seanselzer/Documents/GitHub/RaDeCC_Reader/Output_Folder_Example/RaDeCC_Reader_Ouput_2020-07-15_200641/Read_Files/StnX009/1-StnX009-3600A-180118-detector1.txt,2018-01-18 06:05:19.000000000,2018-01-18 15:24:35.200000000,-999.0,-999.0,446,0.037761210295461714,577,0.042950317912508494,0.7974681280955531,0.047351372381037836,1.0317020401594936,0.041630544712181326,7.6438929318576,0.041630544712181326,0.003546699205726397,0.0003745866715991767,0.3589839283765639,0.04115366890585309,0.7939214288898268,0.03776306817715721,0.6727181117829297,0.05948406738949622,0.7767671170393621,0.656784544172748,559.27,0.03779351972254993,0.05956686203293505,0.31821942647482465,1.0,detector1,a,1,{},"{'Err224_CR2': '100%', 'Err226_short_read': True}",2017-12-24 16:50:00.000000000,2018-01-18 10:44:57.100000000,0.000186,0.2,0.7764329636016161,0.037807128128818215,0.6494232294603941,0.05984690348884995,4.7830714661386615,0.3010860686435515,1.9164765523571878,0.21682306807192134,1.458709315096171,0.33932487638078057,5.31452385126518,0.3345921875494551,2.1294183915079863,0.24092613813788138,1.6207881278846346,0.3770319413475215,35634.95,24.746493055555554,-999.0,-999.0,3,None
20,1,41 22.97,13 53.26,StnX001,"Calm, sunny, clouds",12/24/17,11,Sampler001,16:50:00,18:20:00,400,900,1,/Users/seanselzer/Documents/GitHub/RaDeCC_Reader/Output_Folder_Example/RaDeCC_Reader_Ouput_2020-07-15_200641/Read_Files/StnX009/5-StnX009-3800a-190812-detector2.txt,2019-12-08 18:19:53.000000000,2019-12-09 09:47:57.800000000,0.00686919213212954,0.00029263359688622885,23,0.005167476428015601,430,0.022343377029273036,0.024782346349452634,0.20851441405707474,0.4633221274028101,0.04822428221704121,4.125721920524093,0.04822428221704121,0.0013257280103002942,0.00014111204099239526,0.1373176994845436,0.0154060752676247,0.02345661833915234,0.005169402793573926,0.3260044279182665,0.027139890423949087,0.015143505427236545,0.3259903477512721,928.08,0.005215523200942408,0.02713989326804311,0.19895997824438713,0.042600875220461853,detector2,a,5,{},{'Err223_CR10': '55%'},2017-12-24 16:50:00.000000000,2019-12-09 02:03:55.400000000,0.000194,0.3,0.013883924108344048,0.005382850053812274,0.32204308861202213,0.02722061694499865,0.07162238268141344,0.0277685842312114,0.03196940115343899,0.3877782619286581,0.6748039958625183,0.05723585020472176,0.07958042520157048,0.03085410918167967,0.03552155683715444,0.43086473728399366,0.7497822176250203,0.063600845576637,1028713.9166666666,714.3846643518518,131.14150691350784,1.6765928643652457,5,None
21,1,41 22.97,13 53.26,StnX001,"Calm, sunny, clouds",12/24/17,11,Sampler001,16:50:00,18:20:00,400,900,1,/Users/seanselzer/Documents/GitHub/RaDeCC_Reader/Output_Folder_Example/RaDeCC_Reader_Ouput_2020-07-15_200641/Read_Files/StnX009/4-StnX009-4100A-180513-detector2.txt,2018-05-13 20:45:23.000000000,2018-05-14 06:42:45.800000000,0.00541341335575564,0.00044830435937884543,20,0.00748624988282095,143,0.020017845831968594,0.03347952726907496,0.223606797749979,0.23937861997388596,0.08362420100070908,2.405504034283036,0.08362420100070908,0.0004417054678468016,8.209608070771468e-05,0.04647288690628518,0.008912358771863903,0.033037821801228155,0.007486700012322135,0.19290573306760078,0.021912195020829882,0.028118725608004335,0.19287780548992628,597.38,0.007507522287645038,0.021912209686141475,0.2011583528709012,0.0828136205232139,detector2,a,4,{},{'Err223_CR10': '8%'},2017-12-24 16:50:00.000000000,2018-05-14 01:44:04.400000000,0.000194,0.3,0.02685914428911184,0.007624715295782869,0.18893054635067633,0.022012112883478683,0.13855707476922477,0.039334046209959235,0.06184640248074152,0.2839715072171303,0.3958820795297942,0.046209703876171515,0.15395230529913861,0.043704830545792515,0.06871822497860168,0.31552390614631887,0.4398689772553269,0.05134644153273749,202134.06666666668,140.37087962962963,103.34886131644978,2.5678391098080153,4,None
22,1,41 22.97,13 53.26,StnX001,"Calm, sunny, clouds",12/24/17,11,Sampler001,16:50:00,18:20:00,400,900,1,/Users/seanselzer/Documents/GitHub/RaDeCC_Reader/Output_Folder_Example/RaDeCC_Reader_Ouput_2020-07-15_200641/Read_Files/StnX009/3-StnX009-3400A-180219-detector1.txt,2018-02-19 11:01:46.000000000,2018-02-19 20:41:17.200000000,-999.0,-999.0,5,0.003858482843559825,48,0.011955071835787392,0.008627829928216455,0.447213595499958,0.08282716731087797,0.14433756729740643,1.3079790171176147,0.14433756729740643,0.00014106051331242887,4.336074748157568e-05,0.014981561199964308,0.004688909611507859,0.008486769414904026,0.003858726474948396,0.06784560611091366,0.012841713902113212,0.006756706459075728,0.06784376251472186,579.52,0.0038725963495096004,0.012841714340165681,0.18879050940680922,1.0,detector1,a,3,{},"{'Err223_CR10': '46%', 'Err226_short_read': True}",2017-12-24 16:50:00.000000000,2018-02-19 15:51:31.600000000,0.000186,0.2,0.006422553021329691,0.004003224552325568,0.060482447802367986,0.014083693831783558,0.039564948342207085,0.024716913744005746,0.015852846090605558,0.6617225999556772,0.13585333262938465,0.04512756228259577,0.043961053713563424,0.027463280931267268,0.017614273434006174,0.7352473335445696,0.15094814736598294,0.05014201637414602,82021.51666666666,56.959386574074074,-999.0,-999.0,3,None
23,1,41 22.97,13 53.26,StnX001,"Calm, sunny, clouds",12/24/17,11,Sampler001,16:50:00,18:20:00,400,900,1,/Users/seanselzer/Documents/GitHub/RaDeCC_Reader/Output_Folder_Example/RaDeCC_Reader_Ouput_2020-07-15_200641/Read_Files/StnX009/1-StnX009-4100B-180118-detector2.txt,2018-01-18 17:54:38.000000000,2018-01-19 04:06:20.000000000,0.01405335369217914,0.0009107311555553513,1070,0.05347532200031428,930,0.04985434259269872,1.7492234755599148,0.03057089202578715,1.5203531142717017,0.032791291789197645,10.699689390223964,0.032791291789197645,0.005995958243271418,0.0005430697494405868,0.5963772658328163,0.05984166493899177,1.7432275173166434,0.05347807950730892,0.9239758484388855,0.0778876135083155,1.7196661331814518,0.8482924235658538,611.7,0.05351494853431004,0.07853094508052524,0.35085663684861623,0.0648052539987081,detector2,b,1,{},"{'Err224_CR2': '100%', 'Err226_cpm<10': True}",2017-12-24 16:50:00.000000000,2018-01-18 23:00:29.000000000,0.000194,0.3,1.7184065518625593,0.05353151510159329,0.8443451644266038,0.0785588792913064,8.864667560792928,0.2765584508924375,3.9568372725529364,0.03192255163702017,1.7692275070951402,0.16507622142508405,9.849630623103252,0.3074819918112165,4.396485858392152,0.035804310226102525,1.9658083412168226,0.18343102879276604,36370.48333333333,25.25728009259259,268.2961758720722,5.216867164540437,3,None
24,1,41 22.97,13 53.26,StnX001,"Calm, sunny, clouds",12/24/17,11,Sampler001,16:50:00,18:20:00,400,900,1,/Users/seanselzer/Documents/GitHub/RaDeCC_Reader/Output_Folder_Example/RaDeCC_Reader_Ouput_2020-07-15_200641/Read_Files/StnX009/4-StnX009-3200B-180514-detector1.txt,2018-05-14 08:48:47.000000000,2018-05-14 18:45:06.200000000,0.0013245299005700097,0.0002832055612465177,8,0.004743136444771583,59,0.012880912509841372,0.013415615776764152,0.3535533905932738,0.09894016635363562,0.13018891098082386,1.056479742420177,0.13018891098082386,8.449266311564528e-05,2.45124263043731e-05,0.00899865901984365,0.002647468022880216,0.013331123113648506,0.004743199784192496,0.08994150733379197,0.013150170874112672,0.01103761467663681,0.08993695870161311,596.32,0.004755038377408134,0.013150172469400555,0.13754194713898416,0.21381590640169057,detector1,b,4,{},"{'Err224_CR2': '1%', 'Err223_CR10': '25%'}",2017-12-24 16:50:00.000000000,2018-05-14 13:46:56.600000000,0.000186,0.2,0.010703461238890773,0.004862015456652862,0.08257564398925923,0.014365508718036463,0.06593669053305128,0.03007401774886525,0.02641945081549019,0.5037574426789531,0.18547821454936672,0.05349187572775515,0.07326298948116808,0.03341567442924571,0.029354945350544656,0.5597304928158207,0.20608690505485192,0.05943585857710457,202856.93333333332,140.87287037037035,39.561824987156804,1.691812336455184,4,None
25,1,41 22.97,13 53.26,StnX001,"Calm, sunny, clouds",12/24/17,11,Sampler001,16:50:00,18:20:00,400,900,1,/Users/seanselzer/Documents/GitHub/RaDeCC_Reader/Output_Folder_Example/RaDeCC_Reader_Ouput_2020-07-15_200641/Read_Files/StnX009/2-StnX009-4100b-180127-detector2.txt,2018-01-28 00:49:29.000000000,2018-01-28 10:56:29.000000000,0.012034060558032073,0.000854625670893338,597,0.04025302050369231,626,0.04121909720987414,0.9835255354200988,0.0409272754535029,1.031301482701812,0.039968038348871575,7.813838550247117,0.039968038348871575,0.003526376524331426,0.00036685836624926314,0.356987068784203,0.04030313798141291,0.9799991588957674,0.040254692207636625,0.6743144139176092,0.057648563780426154,0.9628041413408683,0.6501077758795095,607.0,0.04028152501531753,0.057797962423144965,0.31230379882816783,0.07101723202837985,detector2,b,2,{},{'Err224_CR2': '100%'},2017-12-24 16:50:00.000000000,2018-01-28 05:52:59.000000000,0.000194,0.3,0.9615445600219759,0.04030353148300916,0.6461605167402595,0.057835911340039015,4.960277217428499,0.20808188022959306,2.214071722545301,0.0424919988578874,1.3539545299486961,0.1215595229893804,5.51141913047611,0.23128317478613464,2.460079691717001,0.04729239177487251,1.504393922165218,0.13507647961902938,49742.98333333333,34.54373842592592,229.74533329576317,4.895362342010204,3,None
26,1,41 22.97,13 53.26,StnX001,"Calm, sunny, clouds",12/24/17,11,Sampler001,16:50:00,18:20:00,400,900,1,/Users/seanselzer/Documents/GitHub/RaDeCC_Reader/Output_Folder_Example/RaDeCC_Reader_Ouput_2020-07-15_200641/Read_Files/StnX009/1-StnX009-3600filt-180119-bw.txt,2018-01-19 19:15:25.000000000,2018-01-20 04:55:08.200000000,-999.0,-999.0,4,0.003449941350997033,53,0.012557976073415644,0.006899882701994066,0.5,0.09142344580142137,0.137360563948689,0.7365624784378665,0.137360563948689,3.837401274618474e-05,1.2189676066372913e-05,0.0040996577458377636,0.0013147004744503555,0.006861508689247881,0.0034499628858180253,0.0873237880555836,0.012626606844200059,0.004634752093830499,0.08732258293216884,579.72,0.0034649551298076915,0.012626607076965352,0.10117463742166943,1.0,Err_DetectorNotFound,t,1,{},"{'Err223_CR10': '86%', 'Err226_short_read': True}",2017-12-24 16:50:00.000000000,2018-01-20 00:05:16.600000000,-999.0,-999.0,-999.0,-999.0,-999.0,-999.0,-999.0,-999.0,-999.0,-999.0,-999.0,-999.0,0.0,-999.0,0.0,-999.0,0.0,-999.0,37875.26666666667,26.30226851851852,0.0,-999.0,3,None
27,1,41 22.97,13 53.26,StnX001,"Calm, sunny, clouds",12/24/17,11,Sampler001,16:50:00,18:20:00,400,900,1,/Users/seanselzer/Documents/GitHub/RaDeCC_Reader/Output_Folder_Example/RaDeCC_Reader_Ouput_2020-07-15_200641/Read_Files/StnX009/2-StnX009-3200b-180125-detector1.txt,2018-01-25 13:23:14.000000000,2018-01-26 00:16:48.200000000,0.0012513616268915694,0.00028108756342266997,9,0.004590173967593371,60,0.011851778221789303,0.013770521902780114,0.3333333333333333,0.09180347935186743,0.12909944487358058,1.147543491898343,0.12909944487358058,0.00010311774266278885,2.9131568794006337e-05,0.010971322022517728,0.0031477502679798674,0.013667404160117325,0.0045902664085074926,0.0808321573293497,0.012262666054657386,0.011606184148218908,0.08082737634767366,653.57,0.004600904881707097,0.01226266773874733,0.14814722777236627,0.2246253659870507,detector1,b,2,{},{'Err223_CR10': '24%'},2017-12-24 16:50:00.000000000,2018-01-25 18:50:01.100000000,0.000186,0.2,0.01127203071047287,0.004711383030557307,0.07346606163531978,0.013557795721425953,0.06943925745579882,0.029163296125986157,0.027822856018199102,0.4711542073825976,0.1650166233504064,0.04896460592328529,0.07715473050644314,0.032403775762778676,0.030914284464665667,0.5235046759964462,0.1833518037226738,0.0544054991218668,46200.01666666667,32.08334490740741,37.37639267895966,1.6791577193445972,3,None
28,1,41 22.97,13 53.26,StnX001,"Calm, sunny, clouds",12/24/17,11,Sampler001,16:50:00,18:20:00,400,900,1,/Users/seanselzer/Documents/GitHub/RaDeCC_Reader/Output_Folder_Example/RaDeCC_Reader_Ouput_2020-07-15_200641/Read_Files/StnX009/2-StnX009-3400b-180127-detector1.txt,2018-01-28 00:53:58.000000000,2018-01-28 10:56:32.200000000,0.002285623401911021,0.0003278197332291974,12,0.005748878329717301,73,0.014179271695101863,0.01991469870720414,0.28867513459481287,0.12114775046882519,0.11704114719613055,1.616409711734736,0.11704114719613055,0.0002085653306160024,5.2900077530826484e-05,0.022092435595180735,0.005726965471798496,0.01970613337658814,0.005749121712757171,0.09905531487364445,0.015292150905568812,0.017180222847310207,0.0990453767157951,602.57,0.005762331242832446,0.01529215531098018,0.1891864470004002,0.14342683617743224,detector1,b,2,{},{'Err223_CR10': '13%'},2017-12-24 16:50:00.000000000,2018-01-28 05:55:15.099999999,0.000186,0.2,0.01684606940956417,0.0058509200714272356,0.09168406200344122,0.016349031127505406,0.10377709047245046,0.03628974021460077,0.04158130648272779,0.40867914815905915,0.2059371904534421,0.059633094434391166,0.11530787830272274,0.04032213711680819,0.04620145164747532,0.45408794530067964,0.22881910050382456,0.06625948159498951,49745.25,34.5453125,68.26832144298152,1.9583606332372319,3,None
29,1,41 22.97,13 53.26,StnX001,"Calm, sunny, clouds",12/24/17,11,Sampler001,16:50:00,18:20:00,400,900,1,/Users/seanselzer/Documents/GitHub/RaDeCC_Reader/Output_Folder_Example/RaDeCC_Reader_Ouput_2020-07-15_200641/Read_Files/StnX009/3b-StnX009-4000A-180219-detector2.txt,2018-02-19 23:05:05.000000000,2018-02-20 09:04:39.200000000,0.006349031439903651,0.0006530993165248586,82,0.015103132475169565,210,0.02416961613521263,0.13676468135497105,0.11043152607484655,0.3502510132261454,0.06900655593423542,3.1022232600030017,0.06900655593423542,0.0006708438878834479,0.00010807160293860173,0.07022976010175744,0.011754823276001356,0.1360938374670876,0.01510351912747103,0.28002125312438797,0.026876499295361254,0.12895329551241572,0.2795481321115846,599.57,0.015119060673857343,0.02687732979145082,0.2140737429118833,0.10286597612670975,detector2,a,3,{},"{'Err223_CR10': '1%', 'Err224_CR2': '25%'}",2017-12-24 16:50:00.000000000,2018-02-20 04:04:52.100000000,0.000194,0.3,0.1276937141935232,0.015177594938001143,0.2756008729723346,0.026958839681707106,0.6587278922450388,0.07830407831682067,0.2940300985491507,0.11906743688702932,0.5774897115366537,0.05663635499255619,0.7319198802722654,0.08700833213795983,0.3267001094990563,0.13229765010001313,0.6416552350407263,0.06293332184050722,82754.86666666667,57.468657407407406,121.210985870631,3.7407641182104023,4,None
30,1,41 22.97,13 53.26,StnX001,"Calm, sunny, clouds",12/24/17,11,Sampler001,16:50:00,18:20:00,400,900,1,/Users/seanselzer/Documents/GitHub/RaDeCC_Reader/Output_Folder_Example/RaDeCC_Reader_Ouput_2020-07-15_200641/Read_Files/StnX009/3-StnX009-4100A-180219-detector2.txt,2018-02-19 10:56:55.000000000,2018-02-19 20:41:20.800000000,-999.0,-999.0,62,0.013472970028937275,143,0.020461408112351177,0.10608627209417724,0.1270001270001905,0.24468285337850557,0.08362420100070908,2.397207535547457,0.08362420100070908,0.0004059983158061271,7.85708591078053e-05,0.04275403669099568,0.008526647858820773,0.10568027377837112,0.013473199129402898,0.2019288166875099,0.02216693360951224,0.10053108895283962,0.2016433903117042,584.43,0.013485051354683489,0.022167415958635212,0.20046456479303498,1.0,detector2,a,3,{},"{'Err223_CR10': '3%', 'Err224_CR2': '67%', 'Err226_short_read': True}",2017-12-24 16:50:00.000000000,2018-02-19 15:49:07.900000000,0.000194,0.3,0.09927150763394713,0.013550645832605518,0.19769613117245424,0.022266174133620958,0.5121075175602816,0.06990862436726165,0.22858455764311014,0.13668308184948508,0.41424934736746444,0.04674896540491697,0.5690083528447574,0.07767882222019501,0.25398284182567793,0.15187035313688513,0.46027705263051605,0.051945812476284936,82019.11666666667,56.95771990740741,-999.0,-999.0,3,None
31,1,41 22.97,13 53.26,StnX001,"Calm, sunny, clouds",12/24/17,11,Sampler001,16:50:00,18:20:00,400,900,1,/Users/seanselzer/Documents/GitHub/RaDeCC_Reader/Output_Folder_Example/RaDeCC_Reader_Ouput_2020-07-15_200641/Read_Files/StnX009/4-StnX009-3400A-180513-detector1.txt,2018-05-13 20:41:24.000000000,2018-05-14 06:42:40.200000000,0.002941048912809523,0.0002999579406569467,7,0.004400271610199396,82,0.015060430652015594,0.011642024381725348,0.37796447300922725,0.1363779999002112,0.11043152607484655,1.5766627305536616,0.11043152607484655,0.00019538322511189135,4.715706840561225e-05,0.020706014791918265,0.005104190510434688,0.011446641156613457,0.004400524290653035,0.11567198510829295,0.015901865682711017,0.008497005536351987,0.11566863146729928,601.27,0.00441916760441201,0.015901866519787658,0.17411327144037544,0.10199012309876991,detector1,a,4,{},{'Err223_CR10': '59%'},2017-12-24 16:50:00.000000000,2018-05-14 01:42:02.100000000,0.000186,0.2,0.00816285209860595,0.0045340761623501365,0.1083073167549454,0.01692070221847028,0.05028573848029621,0.02800921675540489,0.020148442145952964,0.5973748163224385,0.2432757016942302,0.06674771223171805,0.05587304275588467,0.03112141387042089,0.02238715793994774,0.6637497963799199,0.2703063352158113,0.07416473283940038,202132.03333333333,140.3694675925926,87.84494960601921,1.791969775999926,4,None
32,1,41 22.97,13 53.26,StnX001,"Calm, sunny, clouds",12/24/17,11,Sampler001,16:50:00,18:20:00,400,900,1,/Users/seanselzer/Documents/GitHub/RaDeCC_Reader/Output_Folder_Example/RaDeCC_Reader_Ouput_2020-07-15_200641/Read_Files/StnX009/4-StnX009-3600B-180514-detector1.txt,2018-05-14 08:51:16.000000000,2018-05-14 18:45:02.800000000,0.0052538950202108145,0.0004938143675869704,24,0.008250495950632146,158,0.02116912844820731,0.04041901040789518,0.20412414523193148,0.2660918185186433,0.07955572841757301,3.1257368048772274,0.07955572841757301,0.0007828872196298589,0.0001350262968296005,0.08178608560483595,0.014698153898168413,0.03963612318826532,0.008251600786043454,0.1843057329138073,0.025771451788188873,0.034936326998963235,0.1842655402332282,593.78,0.008277728589226084,0.025771473598100916,0.2486702683536251,0.09399014744058512,detector1,b,4,{},{'Err224_CR2': '1%'},2017-12-24 16:50:00.000000000,2018-05-14 13:48:09.400000000,0.000186,0.2,0.0346021735612172,0.00833963997586215,0.17690422552087431,0.026412301228227235,0.2131602814225121,0.05208667392475172,0.08540886000390381,0.3218021267651961,0.3973554223823938,0.10564228633513757,0.23684475713612455,0.05787468044849406,0.0948987333376709,0.3575579341754542,0.44150602486932644,0.11738134323797836,202858.15,140.87371527777776,156.92637455826804,2.9501127332229222,4,None
33,1,41 22.97,13 53.26,StnX001,"Calm, sunny, clouds",12/24/17,11,Sampler001,16:50:00,18:20:00,400,900,1,/Users/seanselzer/Documents/GitHub/RaDeCC_Reader/Output_Folder_Example/RaDeCC_Reader_Ouput_2020-07-15_200641/Read_Files/StnX009/1-StnX009-4000filt-180119-detector2.txt,2018-01-19 19:17:41.000000000,2018-01-20 04:55:11.000000000,-999.0,-999.0,0,0.0,29,0.009324960704994811,0.0,0.0,0.050216450216450215,0.18569533817705186,0.5333333333333333,0.18569533817705186,2.1918632502801303e-05,8.983275125028301e-06,0.002345350009389264,0.0009681767780615484,-2.1918632502801303e-05,8.983275125028301e-06,0.04787110020706095,0.009375087115503245,-0.0012426316877828555,0.04787110019476203,577.5,0.00023923344304613116,0.009375087115503245,0.09903751369442766,1.0,detector2,t,1,{},"{'Err223_CR10': '100%', 'Err226_short_read': True}",2017-12-24 16:50:00.000000000,2018-01-20 00:06:26.000000000,0.000194,0.3,-0.0025022130066753518,0.0013530059432722253,0.04392384105551207,0.009606270800308037,-0.01290805510862788,0.006979700100449251,-0.005761645681546299,-0.5407347969890587,0.09203732204170394,0.02014095643924507,-0.014342283454030977,0.007755238706780286,-0.006401828535051443,0.6008164411410608,0.10226369115744881,0.022379128949335435,37876.433333333334,26.303078703703704,-999.0,-999.0,3,None
34,1,41 22.97,13 53.26,StnX001,"Calm, sunny, clouds",12/24/17,11,Sampler001,16:50:00,18:20:00,400,900,1,/Users/seanselzer/Documents/GitHub/RaDeCC_Reader/Output_Folder_Example/RaDeCC_Reader_Ouput_2020-07-15_200641/Read_Files/StnX009/2-StnX009-4100A-180125-detector2.txt,2018-01-25 13:20:55.000000000,2018-01-26 00:16:46.000000000,0.004080603182419228,0.000477622016350991,267,0.024914438725879683,238,0.023522525913763075,0.4071052832202485,0.06119900613621045,0.3628878554547534,0.06482037235521644,3.7981245711671874,0.06482037235521644,0.0009071247253922972,0.00014472700215976438,0.09455917585071273,0.01576645170854936,0.40619815849485624,0.024914859079087068,0.26832867960404067,0.02831766630288722,0.3993557771649532,0.2641320325633431,655.85,0.024925321102233982,0.028337060471791835,0.24619584895455385,0.11704691561501647,detector2,a,2,{},{'Err224_CR2': '98%'},2017-12-24 16:50:00.000000000,2018-01-25 18:48:50.500000000,0.000194,0.3,0.3980961958460607,0.024960869866487604,0.26018477342409313,0.028414383267063234,2.053641165163514,0.1288117231139775,0.9166642574063075,0.06308893819976336,0.5451870602964018,0.05966378632232855,2.2818235168483487,0.1431465912288417,1.018515841562564,0.0701079546541897,0.6057634003293354,0.06629651265071558,46198.833333333336,32.08252314814815,77.90384082510936,2.735644537333531,3,None
35,1,41 22.97,13 53.26,StnX001,"Calm, sunny, clouds",12/24/17,11,Sampler001,16:50:00,18:20:00,400,900,1,/Users/seanselzer/Documents/GitHub/RaDeCC_Reader/Output_Folder_Example/RaDeCC_Reader_Ouput_2020-07-15_200641/Read_Files/StnX009/3-StnX009-3600A-180219-detector1.txt,2018-02-19 11:04:01.000000000,2018-02-19 20:41:16.000000000,-999.0,-999.0,110,0.01816905756899353,437,0.036214023318089,0.19055868341273277,0.09534625892455924,0.7570376786487657,0.04783648732349399,5.926375054135989,0.04783648732349399,0.002554459694453013,0.00028091080415712597,0.26087053948008393,0.03079657661741964,0.18800422371827977,0.01817122901251573,0.49616713916868177,0.04753824372266704,0.1753519616694784,0.4952650057905695,577.25,0.018211618648461773,0.04753954450504179,0.2834969651514473,1.0,detector1,a,3,{},"{'Err224_CR2': '5%', 'Err226_short_read': True}",2017-12-24 16:50:00.000000000,2018-02-19 15:52:38.500000000,0.000186,0.2,0.17501780823173235,0.018239842601489403,0.48790369107821563,0.047889968641667016,1.0781647918916162,0.12033665270363876,0.43199804934243224,0.23586961612053267,1.095910381334769,0.2583959878429681,1.1979608798795736,0.1337140171705413,0.4799978326027025,0.26207789391226766,1.2176782014830767,0.2871098410565856,82022.63333333333,56.96016203703704,-999.0,-999.0,3,None
36,1,41 22.97,13 53.26,StnX001,"Calm, sunny, clouds",12/24/17,11,Sampler001,16:50:00,18:20:00,400,900,1,/Users/seanselzer/Documents/GitHub/RaDeCC_Reader/Output_Folder_Example/RaDeCC_Reader_Ouput_2020-07-15_200641/Read_Files/StnX009/1-StnX009-3400A-180118-detector1.txt,2018-01-18 06:03:24.000000000,2018-01-18 15:24:33.000000000,-999.0,-999.0,26,0.009086731735886634,94,0.017277661436037886,0.04633342243606879,0.19611613513818402,0.16751314265347947,0.10314212462587935,2.183017018622472,0.10314212462587935,0.00037532315075427066,8.453409354915067e-05,0.03955523270594222,0.009170861182989756,0.04595809928531452,0.009087124938776923,0.12795790994753725,0.01956073310323565,0.04269517258165232,0.12790387871791717,561.15,0.009100804348529298,0.019560779971574932,0.22516101339517458,1.0,detector1,a,1,{},"{'Err223_CR10': '1%', 'Err226_short_read': True}",2017-12-24 16:50:00.000000000,2018-01-18 10:43:58.500000000,0.000186,0.2,0.04236101914390628,0.009157152620783216,0.12054256400556329,0.02039766942200428,0.2609572125890998,0.05737762033550991,0.10456008918872409,0.3033783508452125,0.270758040371599,0.07602982431996898,0.28995245843233314,0.06375372550522165,0.1161778768763601,0.33708708121133946,0.3008422670795544,0.08447824390970679,35633.96666666667,24.745810185185185,-999.0,-999.0,3,None
37,1,41 22.97,13 53.26,StnX001,"Calm, sunny, clouds",12/24/17,11,Sampler001,16:50:00,18:20:00,400,900,1,/Users/seanselzer/Documents/GitHub/RaDeCC_Reader/Output_Folder_Example/RaDeCC_Reader_Ouput_2020-07-15_200641/Read_Files/StnX009/4-StnX009-4100B-180514-detector2.txt,2018-05-14 08:46:34.000000000,2018-05-14 18:45:07.000000000,0.01018448353978721,0.0005995689790770594,41,0.010697726568261382,338,0.03071552303207791,0.06849887227466378,0.15617376188860607,0.5646980202155208,0.05439282932204211,4.544315428953304,0.05439282932204211,0.0015413563585728951,0.0001895039626155421,0.15919477855583272,0.02070834908126535,0.06695751591609088,0.010699404912476788,0.4055032416596881,0.03704428534613203,0.056617183253768834,0.40538859177762504,598.55,0.010741023691940415,0.037044358257557454,0.24717817351257965,0.05887082803313034,detector2,b,4,{},{'Err224_CR2': '1%'},2017-12-24 16:50:00.000000000,2018-05-14 13:45:50.500000000,0.000194,0.3,0.055357601934876335,0.01082326117180416,0.40144133263837506,0.03710353970957274,0.28557080254581985,0.055835664585926245,0.1274675206618896,0.19564516187076847,0.8411738209824049,0.07797109954664158,0.31730089171757764,0.06204062905739244,0.14163057851321065,0.21738357015005788,0.9346375788693387,0.0866407789820273,202855.83333333334,140.8721064814815,194.4345845702026,3.434569060210634,4,None
38,1,41 22.97,13 53.26,StnX001,"Calm, sunny, clouds",12/24/17,11,Sampler001,16:50:00,18:20:00,400,900,1,/Users/seanselzer/Documents/GitHub/RaDeCC_Reader/Output_Folder_Example/RaDeCC_Reader_Ouput_2020-07-15_200641/Read_Files/StnX009/2-StnX009-3600A-180125-detector1.txt,2018-01-25 01:21:25.000000000,2018-01-25 11:05:20.800000000,-999.0,-999.0,352,0.03212998653827294,598,0.041878373300352725,0.6028119808881202,0.05330017908890261,1.0240953538951587,0.040893041005476534,7.379309163769631,0.040893041005476534,0.0034664695036886483,0.0003508169292540847,0.35109782577252535,0.038536630321364874,0.5993455113844315,0.032131901709476385,0.6729975281226334,0.05691107121474024,0.5821840744173044,0.6638889698235149,583.93,0.032164657354033545,0.056946399293670596,0.3017623922261203,1.0,detector1,a,2,{},"{'Err224_CR2': '100%', 'Err226_short_read': True}",2017-12-24 16:50:00.000000000,2018-01-25 06:13:22.900000000,0.000186,0.2,0.5818499209795583,0.03218064615623017,0.656527655111161,0.05723926272469945,3.5843786715375976,0.2444434687940818,1.43618545685595,0.21843296723940098,1.4746670009396425,0.3401651886360262,3.9826429683751083,0.2716399007062016,1.5957616187288333,0.24270977342037378,1.6385188899329362,0.37796570538780844,45443.36666666667,31.55789351851852,-999.0,-999.0,3,None
39,1,41 22.97,13 53.26,StnX001,"Calm, sunny, clouds",12/24/17,11,Sampler001,16:50:00,18:20:00,400,900,1,/Users/seanselzer/Documents/GitHub/RaDeCC_Reader/Output_Folder_Example/RaDeCC_Reader_Ouput_2020-07-15_200641/Read_Files/StnX009/5-StnX009-3800b-190811-detector2.txt,2019-11-08 15:24:26.000000000,2019-11-09 09:30:39.800000000,0.007855742274162187,0.0002427285459387181,37,0.005599884490667924,632,0.023143910755505804,0.03406276755383298,0.1643989873053573,0.581828894433039,0.039777864208786505,5.209762205057861,0.039777864208786505,0.002157160305762508,0.0001878522897041603,0.22119801617172363,0.020571782220577855,0.03190560724807047,0.005603034427126988,0.36063087826131535,0.030965122780148964,0.022709519852406927,0.3606048315828658,1086.23,0.0056583990438984376,0.030965128200830135,0.20723321355285976,0.030898231824261962,detector2,b,5,{},{'Err223_CR10': '75%'},2017-12-24 16:50:00.000000000,2019-11-09 00:27:32.900000000,0.000194,0.3,0.021449938533514432,0.005812991672301708,0.35665757244361584,0.03103590412344099,0.11065284527281982,0.02998787736512734,0.04939105719271473,0.27110308654187615,0.7473346379730162,0.06524487567450271,0.1229476058586887,0.033320143779047885,0.054878952436349694,0.3012256578848935,0.8303718199700181,0.07250017725938923,985417.5333333333,684.3177314814815,149.97598843379512,1.3910964319493266,5,None
40,1,41 22.97,13 53.26,StnX001,"Calm, sunny, clouds",12/24/17,11,Sampler001,16:50:00,18:20:00,400,900,1,/Users/seanselzer/Documents/GitHub/RaDeCC_Reader/Output_Folder_Example/RaDeCC_Reader_Ouput_2020-07-15_200641/Read_Files/StnX009/5-StnX009-4000A-190815-detector2.txt,2019-08-15 21:42:45.000000000,2019-08-16 08:13:22.200000000,0.0052460388552926715,0.0004561400906346216,1,0.00158574101677714,6,0.0038842563553061716,0.00158574101677714,1.0,0.00951444610066284,0.40824829046386296,0.08563001490596556,0.40824829046386296,5.173611290452375e-07,4.884584007984234e-07,5.558838222741733e-05,5.2541390534330464e-05,0.0015852236556480946,0.0015857410920074584,0.009458857718435423,0.00388461169635469,0.0013440227838279913,0.009458793388955665,630.62,0.0015888320297166281,0.003884611704883855,0.03495830719775554,0.08694943045921721,detector2,a,5,{},{'Err223_CR10': '98%'},2017-12-24 16:50:00.000000000,2019-08-16 02:58:03.600000000,0.000194,0.3,8.444146493549504e-05,0.0020731086949100663,0.005511534249705708,0.00441343271879118,0.00043560443492733267,0.010694460189983329,0.0001944366049137725,24.551088077150137,0.011548781720682135,0.009248868035436468,0.00048400492769703633,0.011882733556595295,0.0002160406721264139,27.27898675238904,0.012831979689646817,0.010276529930051098,863168.05,599.4222569444445,100.15347184598457,2.6126994991453154,5,None
41,1,41 22.97,13 53.26,StnX001,"Calm, sunny, clouds",12/24/17,11,Sampler001,16:50:00,18:20:00,400,900,1,/Users/seanselzer/Documents/GitHub/RaDeCC_Reader/Output_Folder_Example/RaDeCC_Reader_Ouput_2020-07-15_200641/Read_Files/StnX009/4-StnX009-3200A-180513-detector1.txt,2018-05-13 20:47:33.000000000,2018-05-14 06:42:48.000000000,0.00788006009484797,0.0004718360836367542,35,0.00993881525930217,243,0.026188084448752452,0.05879882402351953,0.16903085094570333,0.4082318353632927,0.06415002990995843,3.4170516589668205,0.06415002990995843,0.0008595379588200601,0.00012523272720115617,0.08967156909869471,0.013638797832978214,0.057939286064699475,0.009939604217195969,0.318560266264598,0.029526811094729502,0.04981599927495223,0.3184744076597143,595.25,0.00996808111550908,0.029526870175647577,0.2192039661265946,0.059877218949795,detector1,a,4,{},{'Err223_CR10': '5%'},2017-12-24 16:50:00.000000000,2018-05-14 01:45:10.500000000,0.000186,0.2,0.04948184583720619,0.010019553156477384,0.31111309294736045,0.030087819248369393,0.3048237465575327,0.0629249614371376,0.12213649054062573,0.29361408855623516,0.6988101843966648,0.16550350064891228,0.3386930517305919,0.06991763659635833,0.13570721171180636,0.32623791101987576,0.7764557604407386,0.18389480222312432,202135.16666666666,140.3716435185185,235.36619160238857,2.8190998414620805,4,None
42,1,41 22.97,13 53.26,StnX001,"Calm, sunny, clouds",12/24/17,11,Sampler001,16:50:00,18:20:00,400,900,1,/Users/seanselzer/Documents/GitHub/RaDeCC_Reader/Output_Folder_Example/RaDeCC_Reader_Ouput_2020-07-15_200641/Read_Files/StnX009/5-StnX009-4000b-190814-detector1.txt,2019-08-14 16:35:51.000000000,2019-08-15 13:08:22.800000000,0.002840944306163788,0.00016063154126453967,32,0.004589628041096266,304,0.014146183682476448,0.0259628568878648,0.1767766952966369,0.24664714043471558,0.05735393346764045,2.7926297940009572,0.05735393346764045,0.0006216764482954274,7.748071173275804e-05,0.06514670768710859,0.008424359359881983,0.025341180439569372,0.004590281997471153,0.181500432747607,0.016464639182283775,0.020712919404505394,0.18148399971961682,1232.53,0.004609442635569449,0.016464643497141766,0.16016830340488136,0.0565416016484481,detector1,b,5,{},{'Err224_CR2': '0%'},2017-12-24 16:50:00.000000000,2019-08-15 02:52:06.900000000,0.000186,0.2,0.020378765966759357,0.004719720938859901,0.17412268500726294,0.01745065300328254,0.12553961330876376,0.029516810422208568,0.05030109355494612,0.31577846693295986,0.3911076337701915,0.09459467202263687,0.13948845923195974,0.03279682223636202,0.05589010394994014,0.3508649687544405,0.434564037522435,0.10510630022448789,861722.1,598.418125,84.85496732866751,0.9597524123583445,5,None
43,1,41 22.97,13 53.26,StnX001,"Calm, sunny, clouds",12/24/17,11,Sampler001,16:50:00,18:20:00,400,900,1,/Users/seanselzer/Documents/GitHub/RaDeCC_Reader/Output_Folder_Example/RaDeCC_Reader_Ouput_2020-07-15_200641/Read_Files/StnX009/1-StnX009-3200B-180118-detector1.txt,2018-01-18 17:56:49.000000000,2018-01-19 04:06:22.000000000,0.0013108761417209391,0.0003169066655459376,9,0.004921663522270528,69,0.013627469219781928,0.014764990566811584,0.3333333333333333,0.11319826101222213,0.1203858530857692,1.2074481174637028,0.1203858530857692,0.00011076113660235765,2.966228052310939e-05,0.011780039500341843,0.003205635499996276,0.014654229430209227,0.004921752906976758,0.10141822151188029,0.013999429141752182,0.01206806478165628,0.10141272529169729,609.55,0.004934682389367117,0.013999431091514134,0.1453596716776739,0.24175179901428173,detector1,b,1,{},{'Err224_CR2': '1%'},2017-12-24 16:50:00.000000000,2018-01-18 23:01:35.500000000,0.000186,0.2,0.011733911343910242,0.005037846227708535,0.09405141057934341,0.015146777731222373,0.07228458755140496,0.03117598306516621,0.0289629201904678,0.4811577768206894,0.21125463717092016,0.05892243183369256,0.08031620839044995,0.03464009613458669,0.03218102243385311,0.5346197532187362,0.23472737463435575,0.0654698881886004,36371.583333333336,25.25804398148148,39.15400662248923,1.8931303028183124,3,None
44,1,41 22.97,13 53.26,StnX001,"Calm, sunny, clouds",12/24/17,11,Sampler001,16:50:00,18:20:00,400,900,1,/Users/seanselzer/Documents/GitHub/RaDeCC_Reader/Output_Folder_Example/RaDeCC_Reader_Ouput_2020-07-15_200641/Read_Files/StnX009/3-StnX009-3200A-180219-detector1.txt,2018-02-19 23:11:46.000000000,2018-02-20 09:04:34.000000000,0.0006466892727705151,0.000445093485732295,33,0.00969055777081314,138,0.019816700614829166,0.05566801619433199,0.17407765595569782,0.23279352226720648,0.08512565307587486,2.353238866396761,0.08512565307587486,0.0004134630706725542,7.912481764851867e-05,0.04353189075018453,0.008587411848710085,0.055254553123659435,0.009690880798267763,0.18926163151702197,0.02159734394589152,0.05042838151997538,0.18918354207337204,592.8,0.00970651722710764,0.021597413765272147,0.20032099534555572,0.6882648351741585,detector1,a,3,{},{'Err224_CR2': '3%'},2017-12-24 16:50:00.000000000,2018-02-20 04:08:10.000000000,0.000186,0.2,0.05009422808222934,0.009759368883808243,0.18182222736101816,0.02235819952727339,0.3085962139563319,0.06138371778771415,0.12364803921087113,0.28836565553237814,0.4084020477115166,0.10283989290097956,0.34288468217370216,0.06820519493761294,0.13738671023430124,0.3204063202890099,0.4537800530127962,0.11426766005133183,82758.16666666667,57.47094907407408,19.315689150851707,2.658865386666673,4,None
45,1,41 22.97,13 53.26,StnX001,"Calm, sunny, clouds",12/24/17,11,Sampler001,16:50:00,18:20:00,400,900,1,/Users/seanselzer/Documents/GitHub/RaDeCC_Reader/Output_Folder_Example/RaDeCC_Reader_Ouput_2020-07-15_200641/Read_Files/StnX009/5-StnX009-4000b-190813-detector1.txt,2019-08-13 17:58:00.000000000,2019-08-14 12:54:45.000000000,0.0030746563268325695,0.00018242721680690588,20,0.003934142032108713,294,0.01508372834790609,0.017594018033868484,0.223606797749979,0.25863206509786674,0.058321184351980436,2.6945238618869585,0.058321184351980436,0.0005713021109295709,7.290967397763088e-05,0.0599309503073951,0.007924179679778185,0.017022715922938914,0.003934817575106119,0.19870111479047164,0.01703852941045193,0.011955837495781888,0.19869369862521477,1136.75,0.0039587326750036,0.01703853079229512,0.15714782288991958,0.05933255538671459,detector1,b,5,{},{'Err223_CR10': '80%'},2017-12-24 16:50:00.000000000,2019-08-14 03:26:22.500000000,0.000186,0.2,0.01162168405803585,0.00408660846206831,0.1913323839128609,0.017993119137964666,0.07159323214282211,0.02534552720782557,0.028685908559076895,0.4133434440086641,0.4297633931652704,0.10255477949088171,0.07954803571424679,0.028161835599996844,0.03187323173230766,0.45927049470838754,0.4775148812947449,0.11395099020629047,860316.3666666667,597.4419212962963,91.83561310730492,1.0899593913247314,5,None
46,1,41 22.97,13 53.26,StnX001,"Calm, sunny, clouds",12/24/17,11,Sampler001,16:50:00,18:20:00,400,900,1,/Users/seanselzer/Documents/GitHub/RaDeCC_Reader/Output_Folder_Example/RaDeCC_Reader_Ouput_2020-07-15_200641/Read_Files/StnX009/3-StnX009-3200A-180220-detector1.txt,2018-02-20 11:09:27.000000000,2018-02-20 21:07:46.800000000,0.0012695923103003776,0.0004608878543487544,14,0.006253501223027327,127,0.018834802984280655,0.023398459044340077,0.2672612419124244,0.21225744990222786,0.08873565094161137,2.2278675647218087,0.08873565094161137,0.00038433933251762144,7.520415201163822e-05,0.040495835570404426,0.008159461150675135,0.023014119711822455,0.006253953406516879,0.17176161433182344,0.02052624197767444,0.018634198546360958,0.17174806029029638,598.33,0.00627581873852794,0.02052624727575142,0.19769127856729218,0.36302035748760264,detector1,a,3,{},{'Err223_CR10': '10%'},2017-12-24 16:50:00.000000000,2018-02-20 16:08:36.900000000,0.000186,0.2,0.01830004510861492,0.006357256103773513,0.1643867455779425,0.02132528152166564,0.11273403847003312,0.03942930226706941,0.04517016793704087,0.40856637387761097,0.3692391435584043,0.09451066522099415,0.12526004274448124,0.04381055692362644,0.05018907548560097,0.45396264106696893,0.4102657150648937,0.10501283965278001,83478.6,57.971250000000005,37.92091727301008,2.7532258851429106,4,None
47,1,41 22.97,13 53.26,StnX001,"Calm, sunny, clouds",12/24/17,11,Sampler001,16:50:00,18:20:00,400,900,1,/Users/seanselzer/Documents/GitHub/RaDeCC_Reader/Output_Folder_Example/RaDeCC_Reader_Ouput_2020-07-15_200641/Read_Files/StnX009/4-StnX009-3400B-180514-detector1.txt,2018-05-14 08:42:03.000000000,2018-05-14 18:45:12.000000000,0.001607311865004473,0.0003065191104879609,11,0.005498839078762165,70,0.013871508356695277,0.018237586006797646,0.30151134457776363,0.11605736549780321,0.11952286093343936,1.1340462571499628,0.11952286093343936,9.484951759364679e-05,2.5622225066395652e-05,0.01009596123566709,0.0027680287129757787,0.018142736489204,0.005498898772712523,0.10596140426213613,0.014144989467854871,0.015440720680519528,0.10595298023997785,603.15,0.00551071594307861,0.014144993160738134,0.1355444530854224,0.19070294767413287,detector1,b,4,{},{'Err223_CR10': '14%'},2017-12-24 16:50:00.000000000,2018-05-14 13:43:37.500000000,0.000186,0.2,0.01510656724277349,0.005603284263305578,0.09859166552762397,0.015281414733928593,0.09306120955380891,0.03472576222479061,0.03728767744878665,0.4291588647687983,0.22145278205629995,0.06086368432534082,0.10340134394867657,0.03858435130135598,0.041430752720874056,0.4768431852984988,0.24605864672922215,0.06762686856013546,202853.61666666667,140.87056712962962,48.008120221161086,1.831089086805144,4,None
48,1,41 22.97,13 53.26,StnX001,"Calm, sunny, clouds",12/24/17,11,Sampler001,16:50:00,18:20:00,400,900,1,/Users/seanselzer/Documents/GitHub/RaDeCC_Reader/Output_Folder_Example/RaDeCC_Reader_Ouput_2020-07-15_200641/Read_Files/StnX009/1-StnX009-4100A-180118-detector2.txt,2018-01-18 05:59:08.000000000,2018-01-18 15:24:29.000000000,-999.0,-999.0,300,0.030636787964426947,250,0.02796743309603236,0.5306447333510215,0.05773502691896258,0.44220394445918454,0.06324555320336758,4.0470504996904575,0.06324555320336758,0.0009358301863426878,0.00015335449572454322,0.09750465840151609,0.016709165694383733,0.5297089031646788,0.030637171775126613,0.3446992860576684,0.032578728216175294,0.5209190713702082,0.3375765110495081,565.35,0.030648433116848194,0.03262236577964379,0.25595794769488817,1.0,detector2,a,1,{},"{'Err224_CR2': '100%', 'Err226_short_read': True}",2017-12-24 16:50:00.000000000,2018-01-18 10:41:48.500000000,0.000194,0.3,0.5196594900513157,0.030677350683528316,0.3336292519102581,0.032689553825747605,2.6807443320808155,0.15831921815839395,1.1965783283601892,0.05944525554860073,0.6990814592419122,0.0686742341205335,2.9786048134231287,0.17594137254771805,1.3295314759557657,0.06606680178242344,0.776757176935458,0.0763095853707062,35631.8,24.744305555555556,-999.0,-999.0,3,None
49,1,41 22.97,13 53.26,StnX001,"Calm, sunny, clouds",12/24/17,11,Sampler001,16:50:00,18:20:00,400,900,1,/Users/seanselzer/Documents/GitHub/RaDeCC_Reader/Output_Folder_Example/RaDeCC_Reader_Ouput_2020-07-15_200641/Read_Files/StnX009/2-StnX009-3600b-180127-detector3.txt,2018-01-27 13:07:23.000000000,2018-01-27 22:47:21.800000000,-999.0,-999.0,142,0.020546183123233534,201,0.024444716850163497,0.2448360288285803,0.08391813582966891,0.3465636746094693,0.07053456158585983,3.979447567157488,0.07053456158585983,0.001144094692132673,0.00018482659421101638,0.11881416401421835,0.02016113114030781,0.24369193413644763,0.020547014425540615,0.22774951059525095,0.03168620189832408,0.23788432161626874,0.22623513981004434,579.98,0.020562895292521522,0.03169040713274069,0.2806885895033699,1.0,Err_DetectorNotFound,b,2,{},"{'Err224_CR2': '100%', 'Err226_short_read': True}",2017-12-24 16:50:00.000000000,2018-01-27 17:57:22.400000000,-999.0,-999.0,-999.0,-999.0,-999.0,-999.0,-999.0,-999.0,-999.0,-999.0,-999.0,-999.0,0.0,-999.0,0.0,-999.0,0.0,-999.0,49027.36666666667,34.046782407407406,0.0,-999.0,3,None
50,1,41 22.97,13 53.26,StnX001,"Calm, sunny, clouds",12/24/17,11,Sampler001,16:50:00,18:20:00,400,900,1,/Users/seanselzer/Documents/GitHub/RaDeCC_Reader/Output_Folder_Example/RaDeCC_Reader_Ouput_2020-07-15_200641/Read_Files/StnX009/4-StnX009-3600A-180513-detector1.txt,2018-05-13 20:47:31.000000000,2018-05-14 06:42:50.200000000,0.009649703586645833,0.0006795184713768315,46,0.011392746729700445,398,0.03351128358405564,0.07726936773499966,0.14744195615489714,0.6685480077941275,0.05012547071170855,5.111536652556608,0.05012547071170855,0.001938883822499738,0.00022071513030672734,0.1992957406248471,0.024153965373868658,0.07533048391249993,0.01139488451963628,0.46925226716928037,0.041308838893547264,0.06336455109968328,0.4691071701986344,595.32,0.011443469444703635,0.04130893280555052,0.256218180769551,0.07041858491044357,detector1,a,4,{},{'Err224_CR2': '3%'},2017-12-24 16:50:00.000000000,2018-05-14 01:45:10.600000000,0.000186,0.2,0.06303039766193724,0.011488333093272185,0.46174585548628055,0.041711733772243145,0.38828709069450634,0.07246322637219162,0.15557850434958093,0.27981792128242244,1.0371556637488055,0.24145167617784413,0.4314301007716737,0.08051612297860197,0.17286500483286768,0.31090886075378604,1.1523951819431173,0.26828269580579,202135.16666666666,140.3716435185185,288.22292672179907,4.059755404295456,4,None
51,1,41 22.97,13 53.26,StnX001,"Calm, sunny, clouds",12/24/17,11,Sampler001,16:50:00,18:20:00,400,900,1,/Users/seanselzer/Documents/GitHub/RaDeCC_Reader/Output_Folder_Example/RaDeCC_Reader_Ouput_2020-07-15_200641/Read_Files/StnX009/1-StnX009-3600B-180118-detector1.txt,2018-01-18 18:01:42.000000000,2018-01-19 04:06:27.000000000,0.005806687350906962,0.0006083830913231114,272,0.02727147168659883,349,0.03089134632868029,0.4497726333195535,0.06063390625908324,0.5770979743695742,0.05352877275721893,4.968995452666391,0.05352877275721893,0.0015669081204542636,0.00020629243567959525,0.1617810957020157,0.022545235477461276,0.44820572519909924,0.02727225191512392,0.4153168786675585,0.0382434689944917,0.4376151447930765,0.4102107538517827,604.75,0.02728968222719324,0.038264469719146876,0.26598422841743347,0.10477283424396638,detector1,b,1,{},{'Err224_CR2': '100%'},2017-12-24 16:50:00.000000000,2018-01-18 23:04:04.500000000,0.000186,0.2,0.43728099135533044,0.02730852541590801,0.40284943913942883,0.038698972178089035,2.693788556753845,0.1996422592118739,1.079344651773428,0.22038849716475373,0.9048648135703788,0.213125688628509,2.9930983963931608,0.22184966075437001,1.1992718353038088,0.24487973348351036,1.005405348411532,0.2368089556439927,36374.066666666666,25.259768518518516,173.43749554680292,3.634511955077192,3,None
52,1,41 22.97,13 53.26,StnX001,"Calm, sunny, clouds",12/24/17,11,Sampler001,16:50:00,18:20:00,400,900,1,/Users/seanselzer/Documents/GitHub/RaDeCC_Reader/Output_Folder_Example/RaDeCC_Reader_Ouput_2020-07-15_200641/Read_Files/StnX009/2-StnX009-4000A-180125-detector2.txt,2018-01-25 01:10:54.000000000,2018-01-25 11:05:13.200000000,0.006185009910087679,0.0005234835169305852,282,0.028255578852716824,326,0.030380047929175848,0.4744918562390631,0.05954913341754136,0.5485260465742361,0.055384877562171135,4.383160586889217,0.055384877562171135,0.0011246730359365316,0.0001597494866629945,0.11683128649951437,0.017423962356001885,0.47336718320312654,0.02825603043954666,0.43169476007472174,0.03502201845071744,0.46235896682122113,0.4260015218019319,594.32,0.028270139988876373,0.035049512451567164,0.24276081244019349,0.08463745807048582,detector2,a,2,{},{'Err224_CR2': '100%'},2017-12-24 16:50:00.000000000,2018-01-25 06:08:03.600000000,0.000194,0.3,0.46109938550232865,0.02830148772472792,0.4220542626626819,0.03511205638179196,2.3786529215299277,0.14605341785519327,1.0617366611698038,0.06177459295122743,0.8843658286320218,0.07383563218618912,2.6429476905888083,0.16230814330254534,1.179707401299782,0.06865095149046602,0.9826286984800242,0.08204685607606799,45438.05,31.55420138888889,118.07960882183428,2.9984457270502793,3,None
53,1,41 22.97,13 53.26,StnX001,"Calm, sunny, clouds",12/24/17,11,Sampler001,16:50:00,18:20:00,400,900,1,/Users/seanselzer/Documents/GitHub/RaDeCC_Reader/Output_Folder_Example/RaDeCC_Reader_Ouput_2020-07-15_200641/Read_Files/StnX009/4-StnX009-3800B-180514-detector1.txt,2018-05-14 08:53:17.000000000,2018-05-14 18:45:02.000000000,0.007386862535730981,0.0004971814302046751,30,0.009255979003044633,257,0.02709120328159087,0.050697084917617236,0.18257418583505539,0.434305027460921,0.06237828615518054,4.212927756653992,0.06237828615518054,0.0013949967623309771,0.0001910922070304513,0.1443557719333612,0.020869134324650585,0.04930208815528626,0.009257951368223475,0.2899492555275598,0.03419728151044742,0.04190838213933348,0.2898870787597219,591.75,0.00929893010193456,0.03419731353905981,0.26279521315566556,0.0673061706238284,detector1,b,4,{},{'Err223_CR10': '10%'},2017-12-24 16:50:00.000000000,2018-05-14 13:49:09.500000000,0.000186,0.2,0.041574228701587446,0.00935408495635847,0.28252576404736807,0.03468280637494268,0.2561103357936721,0.0585364669100012,0.10261804717735933,0.3097521779252485,0.6345984330018373,0.15804856360375022,0.28456703977074677,0.06504128733090596,0.11402005241928814,0.34416910990076577,0.7051093700020413,0.17561126273828156,202859.15,140.87440972222223,220.63508171239494,2.970425164861181,4,None
54,1,41 22.97,13 53.26,StnX001,"Calm, sunny, clouds",12/24/17,11,Sampler001,16:50:00,18:20:00,400,900,1,/Users/seanselzer/Documents/GitHub/RaDeCC_Reader/Output_Folder_Example/RaDeCC_Reader_Ouput_2020-07-15_200641/Read_Files/StnX009/3-StnX009-4000A-180220-detector2.txt,2018-02-20 11:03:02.000000000,2018-02-20 21:07:53.000000000,0.004707601883415317,0.0004877353311923876,99,0.016450151890660823,206,0.02372935454146867,0.1636769446970323,0.10050378152592121,0.3405803091675622,0.06967330142916177,3.329751177978011,0.06967330142916177,0.0007864741892413036,0.0001267073107562309,0.08215545658618872,0.013792926664076005,0.162890470507791,0.0164506398650147,0.2584248525813735,0.027446804785171235,0.15630063676696598,0.25774736566219636,604.85,0.016465521641010315,0.027448188961508788,0.23199475750736842,0.10360590025903817,detector2,a,3,{},{'Err224_CR2': '55%'},2017-12-24 16:50:00.000000000,2018-02-20 16:05:27.500000000,0.000194,0.3,0.15504105544807348,0.016519285558184327,0.2538001065229464,0.027528008600918967,0.7998034070179454,0.08522822903261593,0.35700063312022917,0.10677907094187504,0.5318087302235106,0.05780435611692215,0.8886704522421616,0.09470317996413538,0.396667370133588,0.11864423079735874,0.5908985891372339,0.06423041803946318,83475.45,57.9690625,89.87403366581361,2.793604686585607,4,None
55,1,41 22.97,13 53.26,StnX001,"Calm, sunny, clouds",12/24/17,11,Sampler001,16:50:00,18:20:00,400,900,1,/Users/seanselzer/Documents/GitHub/RaDeCC_Reader/Output_Folder_Example/RaDeCC_Reader_Ouput_2020-07-15_200641/Read_Files/StnX009/5-StnX009-3200a-190812-detector1.txt,2019-12-08 18:19:51.000000000,2019-12-09 09:47:57.000000000,0.0077587380488868506,0.0002943600522846661,38,0.006641971773482357,424,0.022186467279359984,0.040943863807779333,0.16222142113076252,0.456847322486801,0.048564293117863214,4.5620084042667814,0.048564293117863214,0.0016697315885848905,0.00017628630349451722,0.17217623201544444,0.01927358481607731,0.039274132219194444,0.006644310791988597,0.2846710904713565,0.029388950338530926,0.032015019412174855,0.28463162835778455,928.1,0.0066864410256456345,0.02938896251312036,0.2215507133509674,0.0379391661929994,detector1,a,5,{},{'Err223_CR10': '58%'},2017-12-24 16:50:00.000000000,2019-12-09 02:03:54.000000000,0.000186,0.2,0.03168086597442882,0.006762935599245656,0.2772703136454307,0.029952494426184192,0.19516410710069224,0.04239758544259253,0.07819816989315304,0.30185821600371576,0.6227938437777933,0.15085536037714242,0.21684900788965802,0.047109044436511135,0.0868868554368367,0.33539803167607757,0.6919931597531037,0.16761883055567672,1028713.9,714.3846527777778,231.74247457846027,1.7591771965395748,5,None
56,1,41 22.97,13 53.26,StnX001,"Calm, sunny, clouds",12/24/17,11,Sampler001,16:50:00,18:20:00,400,900,1,/Users/seanselzer/Documents/GitHub/RaDeCC_Reader/Output_Folder_Example/RaDeCC_Reader_Ouput_2020-07-15_200641/Read_Files/StnX009/3-StnX009-4000A-180219-detector2.txt,2018-02-19 10:53:16.000000000,2018-02-19 20:41:23.800000000,-999.0,-999.0,84,0.015583546817730227,203,0.0242256080267543,0.14282556577627395,0.10910894511799618,0.3451617839593287,0.07018624063435963,3.0435447945182186,0.07018624063435963,0.0006398026434157876,0.00010533128843757782,0.06702151176946906,0.011454102554669974,0.14218576313285816,0.015583902787835717,0.27814027218985965,0.026796950378706146,0.13509318619201674,0.27762389707321555,588.13,0.015598876734466827,0.026797918664980734,0.21361496732950833,1.0,detector2,a,3,{},"{'Err224_CR2': '32%', 'Err226_short_read': True}",2017-12-24 16:50:00.000000000,2018-02-19 15:47:19.900000000,0.000194,0.3,0.13383360487312423,0.01565561713313623,0.27367663793396557,0.026879669362559106,0.6904014736075401,0.08077054801112667,0.30816793354757593,0.11718943544379269,0.5734576998624817,0.05646887206148711,0.7671127484528223,0.08974910081042427,0.34240881505286214,0.1302110396385136,0.6371752220694242,0.06274718531054067,82017.31666666667,56.95646990740741,-999.0,-999.0,3,None
57,1,41 22.97,13 53.26,StnX001,"Calm, sunny, clouds",12/24/17,11,Sampler001,16:50:00,18:20:00,400,900,1,/Users/seanselzer/Documents/GitHub/RaDeCC_Reader/Output_Folder_Example/RaDeCC_Reader_Ouput_2020-07-15_200641/Read_Files/StnX009/4-StnX009-4100A-180525-detector2.txt,2018-05-13 20:45:23.000000000,2018-05-14 06:42:45.800000000,0.00541341335575564,0.00044830435937884543,20,0.00748624988282095,143,0.020017845831968594,0.03347952726907496,0.223606797749979,0.23937861997388596,0.08362420100070908,2.405504034283036,0.08362420100070908,0.0004417054678468016,8.209608070771468e-05,0.04647288690628518,0.008912358771863903,0.033037821801228155,0.007486700012322135,0.19290573306760078,0.021912195020829882,0.028118725608004335,0.19287780548992628,597.38,0.007507522287645038,0.021912209686141475,0.2011583528709012,0.0828136205232139,detector2,a,4,{},{'Err223_CR10': '8%'},2017-12-24 16:50:00.000000000,2018-05-14 01:44:04.400000000,0.000194,0.3,0.02685914428911184,0.007624715295782869,0.18893054635067633,0.022012112883478683,0.13855707476922477,0.039334046209959235,0.06184640248074152,0.2839715072171303,0.3958820795297942,0.046209703876171515,0.15395230529913861,0.043704830545792515,0.06871822497860168,0.31552390614631887,0.4398689772553269,0.05134644153273749,202134.06666666668,140.37087962962963,103.34886131644978,2.5678391098080153,4,None
58,1,41 22.97,13 53.26,StnX001,"Calm, sunny, clouds",12/24/17,11,Sampler001,16:50:00,18:20:00,400,900,1,/Users/seanselzer/Documents/GitHub/RaDeCC_Reader/Output_Folder_Example/RaDeCC_Reader_Ouput_2020-07-15_200641/Read_Files/StnX009/1-StnX009-4000B-180118-detector2.txt,2018-01-18 17:52:30.000000000,2018-01-19 04:06:16.800000000,0.004213502544613019,0.0004941650148438803,201,0.023098580727227713,179,0.021797856170386216,0.3274789012349702,0.07053456158585983,0.29163543940825704,0.07474350927519359,2.9896705660008474,0.07474350927519359,0.0005484283801936679,0.00010209232615530236,0.05755985694800555,0.011093788668688046,0.32693047285477655,0.02309880634265146,0.23407558246025148,0.0244585093709808,0.32096154550204015,0.23135360235963898,613.78,0.02310722497731842,0.02447095719755471,0.2234584696796576,0.1172812902357618,detector2,b,1,{},{'Err224_CR2': '100%'},2017-12-24 16:50:00.000000000,2018-01-18 22:59:23.400000000,0.000194,0.3,0.31970196418314767,0.023145566283732755,0.22740634322038902,0.024560454524094836,1.6492323239482174,0.11943288008060637,0.7361521326935908,0.0727344276189574,0.47650365592684607,0.05157430014075027,1.8324803599424637,0.1327188192141663,0.8179468141039898,0.08082114072267015,0.5294485065853844,0.05730779740031632,36369.38333333333,25.256516203703704,80.44105659818669,2.8303962839548023,3,None
59,1,41 22.97,13 53.26,StnX001,"Calm, sunny, clouds",12/24/17,11,Sampler001,16:50:00,18:20:00,400,900,1,/Users/seanselzer/Documents/GitHub/RaDeCC_Reader/Output_Folder_Example/RaDeCC_Reader_Ouput_2020-07-15_200641/Read_Files/StnX009/4-StnX009-4000A-180513-detector2.txt,2018-05-13 20:43:07.000000000,2018-05-14 06:42:43.000000000,0.00585898321087156,0.0004025611734592505,20,0.007458532279852535,171,0.021809034073752537,0.0333555703802535,0.223606797749979,0.28519012675116745,0.07647191129018725,2.6667778519012675,0.07647191129018725,0.0005379004716543215,9.193449042133148e-05,0.056467940871634516,0.009989105628306813,0.03281766990859918,0.007459098854428146,0.22872218587953294,0.0239878343850288,0.02698525416867109,0.2286946291629579,599.6,0.007484137899798161,0.023987847505980642,0.20393359932122984,0.06870836781240189,detector2,a,4,{},"{'Err224_CR2': '3%', 'Err223_CR10': '5%'}",2017-12-24 16:50:00.000000000,2018-05-14 01:42:55.000000000,0.000194,0.3,0.025725672849778596,0.007601691426613783,0.22474737002370795,0.024079140521118224,0.13270988599515268,0.03921521562197483,0.05923644848954729,0.2955808435315099,0.4709320855331297,0.05056539262378029,0.147455428883503,0.04357276983210203,0.06581827609949699,0.32842316762170126,0.5232578728145886,0.05618677769415585,202132.91666666666,140.3700810185185,111.85534957754028,2.3059210068927047,4,None
60,1,41 22.97,13 53.26,StnX001,"Calm, sunny, clouds",12/24/17,11,Sampler001,16:50:00,18:20:00,400,900,1,/Users/seanselzer/Documents/GitHub/RaDeCC_Reader/Output_Folder_Example/RaDeCC_Reader_Ouput_2020-07-15_200641/Read_Files/StnX009/1-StnX009-3800A-180118-detector1.txt,2018-01-18 05:54:21.000000000,2018-01-18 15:24:27.000000000,-999.0,-999.0,402,0.03516915919270904,311,0.030933506557706363,0.7051394492194352,0.04987546680538165,0.5455183301175233,0.056704797712374265,3.492369759691282,0.056704797712374265,0.0004891341969260805,8.69168800850414e-05,0.05140507986242778,0.009439882271427748,0.7046503150225091,0.03516926659551141,0.4941132502550955,0.032341818211938524,0.6920504271410042,0.481543743068861,570.1,0.03517893503146266,0.03244524446173184,0.19803412076010726,1.0,detector1,a,1,{},"{'Err224_CR2': '100%', 'Err226_short_read': True}",2017-12-24 16:50:00.000000000,2018-01-18 10:39:24.000000000,0.000186,0.2,0.6917162737032582,0.03519355444222675,0.47418242835650715,0.03295655766208816,4.2611899887231015,0.2755063126093648,1.70736957545812,0.21733507674579272,1.0650902122384638,0.24012742850018878,4.734655543025669,0.30616332535268254,1.8970773060645778,0.24149261800543104,1.1834335691538487,0.2668114940819257,35629.4,24.74263888888889,-999.0,-999.0,3,None
61,1,41 22.97,13 53.26,StnX001,"Calm, sunny, clouds",12/24/17,11,Sampler001,16:50:00,18:20:00,400,900,1,/Users/seanselzer/Documents/GitHub/RaDeCC_Reader/Output_Folder_Example/RaDeCC_Reader_Ouput_2020-07-15_200641/Read_Files/StnX009/2-StnX009-4000b-180127-detector1.txt,2018-01-27 13:04:42.000000000,2018-01-27 22:47:19.800000000,-999.0,-999.0,120,0.018801728627264855,139,0.020235528761909954,0.20596261778487204,0.09128709291752769,0.23857336560081013,0.08481889296799709,2.7667644989101143,0.08481889296799709,0.0005257719399422077,0.00010464557804758863,0.055209544570454336,0.011369042034424896,0.20543684584492983,0.018802019840174503,0.1833638210303558,0.02321059544808373,0.20076106840865576,0.18228693073812885,582.63,0.018811333296312,0.023214004415663816,0.2346739019007111,1.0,detector1,b,2,{},"{'Err224_CR2': '100%', 'Err226_short_read': True}",2017-12-24 16:50:00.000000000,2018-01-27 17:56:00.900000000,0.000186,0.2,0.20042691497090973,0.018838658782276505,0.17492561602577497,0.02392343632849304,1.2346928878401404,0.12609593287023868,0.494715578819916,0.23148708048112765,0.3929111463378838,0.10180875788908883,1.3718809864890449,0.14011488383261853,0.5496839764665733,0.2572085923486287,0.43656794037542646,0.11312188212461109,49026.0,34.045833333333334,-999.0,-999.0,3,None
62,1,41 22.97,13 53.26,StnX001,"Calm, sunny, clouds",12/24/17,11,Sampler001,16:50:00,18:20:00,400,900,1,/Users/seanselzer/Documents/GitHub/RaDeCC_Reader/Output_Folder_Example/RaDeCC_Reader_Ouput_2020-07-15_200641/Read_Files/StnX009/StnX009-3400B-detector1.txt,2018-01-18 17:58:58.000000000,2018-01-19 04:06:23.800000000,0.0017146010489232492,0.0003930372499213376,25,0.008231401149103602,69,0.013675030642079046,0.041157005745518005,0.2,0.1135933358576297,0.1203858530857692,1.5705513392489672,0.1203858530857692,0.0001918362873084869,5.071613254042335e-05,0.020332796586266636,0.005489109531043194,0.040965169458209515,0.008231557386276546,0.09326053927136306,0.01473556196775644,0.038587025706789756,0.09321760689629165,607.43,0.008240129258633582,0.01473560251793804,0.18907216279048422,0.2292295634416885,detector1,9,009,{},{},2017-12-24 16:50:00.000000000,2018-01-18 23:02:40.900000000,0.000186,0.2,0.03825287226904372,0.00830232103264481,0.08585629218393777,0.015829680550145768,0.23564973465215852,0.05201585613257853,0.0944199128587644,0.30412312555917304,0.1928470795114459,0.056741955765823915,0.26183303850239836,0.057796127916621864,0.10491101428751601,0.33791460406038343,0.21427453279049544,0.06304706705180438,36372.666666666664,25.258796296296296,51.21269560702656,2.3479203529330634,3,None
