,Station,Latitude,Longitude,sample_name,Weather,Date,Event No.,Sampler_used,Sampling_Start_Time,Sampling_End_Time,Sample_Depth,Volume_sampled,Volume_error,Filepath,Read_Start_Time,Read_End_Time,Slope,stderr_slope,cnt219,cnt219_abserr,cnt220,cnt220_abserr,cpm_219,err_219,cpm_220,err_220,cpm_Tot,err_Tot,y219cc,y219cc_err,y220cc,y220cc_err,corr219,corr219_err,corr220,corr220_err,final219,final220,Read_Runtime,final219_err,final220_err,cntTot_abserr,errslope_abs,Detector_Name,Cartridge_Type,Read_Number,Spike_Value,Error_List,Mid_Sample_Datetime,Mid_Read_Datetime,Detector 226 Calibration Factor,Detector 226 Efficiency,blankcorr223,blankcorr223_err,blankcorr224,blankcorr224_err,dpm223,dpm223_err,dpm223_thstdonly,dpm223_thstdonly_err,dpm224,dpm224_err,vdpm223 (dpm/m^3),vdpm223_err (dpm/m^3),vdpm223_thstdonly (dpm/m^3),vdpm223_thstdonly_err (dpm/m^3),vdpm224 (dpm/m^3),vdpm224_err (dpm/m^3),t1_(mins),sampling_to_read_time_(days),vdpm226 (dpm/m^3),vdpm226_err (dpm/m^3),read_number
0,1,41 22.97,13 53.26,StnX001,"Calm, sunny, clouds",12/24/17,11,Sampler001,16:50:00,18:20:00,300,900,1,/Users/seanselzer/Documents/GitHub/RaDeCC_Reader/Results_Folder_2020-07-09_135502/Read_Files/StnX001/300/1-StnX001-300-171220-detector1.txt,2017-12-20 20:41:48.000000000,2017-12-21 13:34:24.000000000,0.00021133375838948266,8.02903283232098e-05,0,0.0,14,0.003695099137639681,0.0,0.0,0.013825794983211534,0.2672612419124244,0.42761208769504244,0.2672612419124244,1.6056596336406586e-05,8.837774091812858e-06,0.00171930520964942,0.0009521843503545869,-1.6056596336406586e-05,8.837774091812858e-06,0.012106489773562113,0.0038158108802777034,-0.0003247720855622405,0.012106489766962067,1012.6,9.770370818037632e-05,0.0038158108802777034,0.11428413761414158,0.37992192508703126,detector1,0,1,{},{'Err223_CR10': '90%'},2017-12-24 16:50:00.000000000,2017-12-21 05:08:06.000000000,0.000186,1,-0.0006589255233082784,0.0010189947716742,0.00474517505460819,0.006928291089947581,-0.0040601218503854165,0.006279280429185381,-0.003305061549259946,-1.5500984033601883,0.010710456308383194,0.016711721210973064,-0.0045112465004282405,0.006976980055223186,-0.003672290610288829,1.7223315592939314,0.01190050700931466,0.01856858383131135,-5021.9,-3.487430555555555,1.2624477801044365,0.4796336421160537,Error: Read prior to sampling
1,1,41 22.97,13 53.26,StnX001,"Calm, sunny, clouds",12/24/17,11,Sampler001,16:50:00,18:20:00,400,900,1,/Users/seanselzer/Documents/GitHub/RaDeCC_Reader/Results_Folder_2020-07-09_135502/Read_Files/StnX001/400/4-StnX001-400-171220-detector1.txt,2017-11-28 19:07:19.000000000,2017-11-29 09:30:59.800000000,0.0038619516979803052,0.000385530491030649,41,0.007413769263422621,1119,0.03873130947498548,0.04747128566135606,0.15617376188860607,1.2956187476843275,0.02989406377779755,4.888384586884031,0.02989406377779755,0.0012568667524775117,0.00010382261487712745,0.1303110450980052,0.01133135135630318,0.04621441890887855,0.007414496195064768,1.1653077025863223,0.04035484924029693,0.01649907249292733,1.1652530672090116,863.68,0.007485565774360602,0.04035486453414637,0.14613368061071377,0.09982789045038312,detector1,0,4,{},{'Err223_CR10': '100%'},2017-12-24 16:50:00.000000000,2017-11-29 02:19:09.400000000,0.000186,1,0.016164919055181293,0.007553972418031853,1.1578917524966577,0.04076709330234749,0.0996038835104395,0.046722323394205845,0.08108056301711009,0.5165604327267767,2.613507169331753,0.5746698604623112,0.11067098167826611,0.051913838296643505,0.09008951446345566,0.5739560450918914,2.903896854813059,0.6385302192648862,-36870.85,-25.604756944444443,23.070201302152363,2.3031921780131897,Error: Read prior to sampling
2,2,41 21.30,13 57.78,StnX009,"Calm, sunny, clouds",17/01/2018,12,Sampler001,14:45:00,16:55:00,3200a,849,5,/Users/seanselzer/Documents/GitHub/RaDeCC_Reader/Results_Folder_2020-07-09_135502/Read_Files/StnX009/3200a/4-StnX009-3200A-180513-detector1.txt,2018-05-13 20:47:33.000000000,2018-05-14 06:42:48.000000000,0.007827519206471296,0.00045754613539509637,35,0.00993881525930217,243,0.026188084448752452,0.05879882402351953,0.16903085094570333,0.4082318353632927,0.06415002990995843,3.4170516589668205,0.06415002990995843,0.0008595379588200601,0.00012523272720115617,0.08967156909869471,0.013638797832978214,0.057939286064699475,0.009939604217195969,0.318560266264598,0.029526811094729502,0.04981599927495223,0.3184744076597143,595.25,0.00996808111550908,0.029526870175647577,0.2192039661265946,0.05845353084752909,detector1,a,4,{},{'Err223_CR10': '5%'},2018-01-17 14:45:00.000000000,2018-05-14 01:45:10.500000000,0.000186,1,0.04948184583720619,0.010019553156477384,0.31111309294736045,0.030087819248369393,0.3048938254392846,0.06294331597081367,0.24819276272964466,0.2968983656522436,0.7022213407580599,0.16925785116477435,0.3591211135916191,0.07416834239121824,0.29233540957555315,0.34970784883709927,0.8271158312815782,0.1994209271804645,167700.16666666666,116.45844907407407,49.56824098225171,2.9121073296568407,4
3,2,41 21.30,13 57.78,StnX009,"Calm, sunny, clouds",17/01/2018,12,Sampler001,14:45:00,16:55:00,3200a,849,5,/Users/seanselzer/Documents/GitHub/RaDeCC_Reader/Results_Folder_2020-07-09_135502/Read_Files/StnX009/3200a/3-StnX009-3200A-180219-detector1.txt,2018-02-19 23:11:46.000000000,2018-02-20 09:04:34.000000000,0.0005332624846444225,0.0004360135577319411,33,0.00969055777081314,138,0.019816700614829166,0.05566801619433199,0.17407765595569782,0.23279352226720648,0.08512565307587486,2.353238866396761,0.08512565307587486,0.0004134630706725542,7.912481764851867e-05,0.04353189075018453,0.008587411848710085,0.055254553123659435,0.009690880798267763,0.18926163151702197,0.02159734394589152,0.05042838151997538,0.18918354207337204,592.8,0.00970651722710764,0.021597413765272147,0.20032099534555572,0.8176340363089171,detector1,a,3,{},{'Err224_CR2': '3%'},2018-01-17 14:45:00.000000000,2018-02-20 04:08:10.000000000,0.000186,1,0.05009422808222934,0.009759368883808243,0.18182222736101816,0.02235819952727339,0.30866716012713113,0.06140191419867195,0.2512643708854705,0.29170848422803436,0.41039561230768906,0.10501641310138045,0.36356555963148546,0.07235431926756124,0.2959533225977273,0.3435950971178075,0.48338705807737226,0.12372699894151921,48323.166666666664,33.55775462962963,3.3769170855302417,2.761153969580818,3
4,2,41 21.30,13 57.78,StnX009,"Calm, sunny, clouds",17/01/2018,12,Sampler001,14:45:00,16:55:00,3200a,849,5,/Users/seanselzer/Documents/GitHub/RaDeCC_Reader/Results_Folder_2020-07-09_135502/Read_Files/StnX009/3200a/3-StnX009-3200A-180220-detector1.txt,2018-02-20 11:09:27.000000000,2018-02-20 21:07:46.800000000,0.0012459693115819096,0.0004458986504977608,14,0.006253501223027327,127,0.018834802984280655,0.023398459044340077,0.2672612419124244,0.21225744990222786,0.08873565094161137,2.2278675647218087,0.08873565094161137,0.00038433933251762144,7.520415201163822e-05,0.040495835570404426,0.008159461150675135,0.023014119711822455,0.006253953406516879,0.17176161433182344,0.02052624197767444,0.018634198546360958,0.17174806029029638,598.33,0.00627581873852794,0.02052624727575142,0.19769127856729218,0.35787289971984804,detector1,a,3,{},{'Err223_CR10': '10%'},2018-01-17 14:45:00.000000000,2018-02-20 16:08:36.900000000,0.000186,1,0.01830004510861492,0.006357256103773513,0.1643867455779425,0.02132528152166564,0.1127599559893884,0.03943923527996204,0.09179000250975078,0.41098719508282805,0.37104153923257843,0.09647401375293393,0.13281502472248338,0.04646033652451358,0.10811543287367584,0.4840842763215542,0.4370336151149334,0.11366167016103768,49043.6,34.058055555555555,7.89017637183473,2.82406261406861,3
5,2,41 21.30,13 57.78,StnX009,"Calm, sunny, clouds",17/01/2018,12,Sampler001,14:45:00,16:55:00,3200a,849,5,/Users/seanselzer/Documents/GitHub/RaDeCC_Reader/Results_Folder_2020-07-09_135502/Read_Files/StnX009/3200a/5-StnX009-3200a-190812-detector1.txt,2019-12-08 18:19:51.000000000,2019-12-09 09:47:57.000000000,0.007736458256647759,0.00028837526680956354,38,0.006641971773482357,424,0.022186467279359984,0.040943863807779333,0.16222142113076252,0.456847322486801,0.048564293117863214,4.5620084042667814,0.048564293117863214,0.0016697315885848905,0.00017628630349451722,0.17217623201544444,0.01927358481607731,0.039274132219194444,0.006644310791988597,0.2846710904713565,0.029388950338530926,0.032015019412174855,0.28463162835778455,928.1,0.0066864410256456345,0.02938896251312036,0.2215507133509674,0.037274842989267004,detector1,a,5,{},{'Err223_CR10': '58%'},2018-01-17 14:45:00.000000000,2019-12-09 02:03:54.000000000,0.000186,1,0.03168086597442882,0.006762935599245656,0.2772703136454307,0.029952494426184192,0.1952089752664378,0.04240971600077097,0.15890598903141157,0.30507775372802676,0.6258339356789647,0.1541746623947932,0.22992812163302448,0.04997090146203776,0.18716842053169797,0.35933944534412043,0.7371424448515486,0.1816474812399479,994278.9,690.4714583333333,48.99159198454703,1.8488063441575708,5
6,2,41 21.30,13 57.78,StnX009,"Calm, sunny, clouds",17/01/2018,12,Sampler001,14:45:00,16:55:00,3200a,849,5,/Users/seanselzer/Documents/GitHub/RaDeCC_Reader/Results_Folder_2020-07-09_135502/Read_Files/StnX009/3200a/1-StnX009_errorandspike_test-3200A-180118-detector1.txt,2018-01-18 06:01:20.000000000,2018-01-18 15:24:30.800000000,-999.0,-999.0,53,0.013402757629663312,236,0.028282137589265465,0.09757354836334181,0.137360563948689,0.43447844176884276,0.06509445549041193,3.496078647962002,0.06509445549041193,0.0008679706013174044,0.0001308202207591256,0.09053811412130998,0.014248063280854113,0.0967055777620244,0.013403396062552864,0.3439403276475328,0.03166838508470815,0.08793509940701232,0.3437012871118632,563.18,0.013427700958478662,0.03166866474369262,0.22757533594074206,1.0,detector1,a,1,{90.08: 150.0},"{'S1': 1, 'Err223_Tot200': '1%', 'Err224_Tot100': '1%', 'Err223_CR10': '1%', 'Err223_CPM220_5': '1%', 'Err224_CPM219_1': '1%', 'Err224_CR2': '3%', 'Err226_short_read': True}",2018-01-17 14:45:00.000000000,2018-01-18 10:42:55.400000000,0.000186,1,0.08760094596926628,0.013465955493778966,0.33633997239950936,0.032192314787871365,0.5397734679611883,0.08574940222617257,0.4393918704927218,0.26552108378908956,0.7591615773267191,0.18241345345117954,0.6357755806374421,0.10106985304178243,0.5175404835014391,0.31276053361795586,0.8941832477346515,0.21492136141806564,1197.9166666666667,0.8318865740740742,-999.0,-999.0,1
7,2,41 21.30,13 57.78,StnX009,"Calm, sunny, clouds",17/01/2018,12,Sampler001,14:45:00,16:55:00,3200b,849,5,/Users/seanselzer/Documents/GitHub/RaDeCC_Reader/Results_Folder_2020-07-09_135502/Read_Files/StnX009/3200b/5-StnX009-3200b-190811-detector1.txt,2019-11-08 15:24:24.000000000,2019-11-09 09:30:39.000000000,0.0015793107815041368,0.00013358161606833835,9,0.0027617951668584577,106,0.009478140521046721,0.008285385500575374,0.3333333333333333,0.09758342922899885,0.09712858623572643,1.2805523590333716,0.09712858623572643,0.00013141238650970057,2.7597513471093484e-05,0.013962833398836,0.002983762916011811,0.008153973114065674,0.002761933048868586,0.08362059583016285,0.00993669909354586,0.006021647920396521,0.08361889397788742,1086.25,0.0027735317816277015,0.009936699361272101,0.12437824023373574,0.08458222259529889,detector1,b,5,{},{'Err223_CR10': '28%'},2018-01-17 14:45:00.000000000,2019-11-09 00:27:31.500000000,0.000186,1,0.005687494482650483,0.0029531818220025147,0.07625757926553355,0.011496903885364385,0.035044811296757385,0.01825695812312457,0.028527532568262313,0.5672338224532156,0.1721229378278447,0.04827432741446184,0.04127775182185794,0.02150544718909445,0.03360133400266468,0.6681199615239339,0.20273608695859213,0.056872755054818265,950982.5166666667,660.404525462963,10.001081484251788,0.8479617339542089,5
8,2,41 21.30,13 57.78,StnX009,"Calm, sunny, clouds",17/01/2018,12,Sampler001,14:45:00,16:55:00,3200b,849,5,/Users/seanselzer/Documents/GitHub/RaDeCC_Reader/Results_Folder_2020-07-09_135502/Read_Files/StnX009/3200b/3-StnX009-3200B-180219-detector2.txt,2018-02-19 23:07:15.000000000,2018-02-20 09:04:37.200000000,0.001373495481671491,0.00029599575218430574,7,0.004428999298700287,49,0.011718030701240436,0.011718030701240436,0.37796447300922725,0.08202621490868306,0.14285714285714285,1.0881028508294692,0.14285714285714285,9.381876355650191e-05,2.9142245878450317e-05,0.009986794912338068,0.0031482280927111928,0.011624211937683935,0.004429095173777876,0.07203941999634499,0.012133572583495324,0.009787206727777137,0.07203596150861889,597.37,0.0044398892096136474,0.012133573729591344,0.15544326440420989,0.21550544296228066,detector2,b,3,{},{'Err223_CR10': '11%'},2018-01-17 14:45:00.000000000,2018-02-20 04:05:56.100000000,0.000187,1,0.00852762540888464,0.0046353002746210474,0.06808870236936894,0.012313074015736487,0.043998769581155645,0.023916218925271925,0.00039708114325359304,0.543621651263506,0.14267199035374253,0.025822044461387767,0.05182422801078403,0.028171522512093407,0.00046770452680046295,0.6403081875954487,0.16804710289015612,0.03043075530245631,48320.933333333334,33.5562037037037,8.651231594713447,1.8650835354945858,3
9,2,41 21.30,13 57.78,StnX009,"Calm, sunny, clouds",17/01/2018,12,Sampler001,14:45:00,16:55:00,3200b,849,5,/Users/seanselzer/Documents/GitHub/RaDeCC_Reader/Results_Folder_2020-07-09_135502/Read_Files/StnX009/3200b/3-StnX009-3200B-180220-detector2.txt,2018-02-20 11:05:08.000000000,2018-02-20 21:07:51.200000000,0.0017176608451891396,0.0003470611693107688,2,0.002346385655649547,50,0.011731928278247736,0.003318290416777276,0.7071067811865476,0.08295726041943191,0.1414213562373095,0.9191664454473055,0.1414213562373095,6.56081504794902e-05,2.039797318761648e-05,0.006995335939347006,0.0022019698848499843,0.0032526822662977857,0.0023464743174277697,0.0759619244800849,0.01193678400993061,0.0013156531920556207,0.07596165364766652,602.72,0.0023661347747277774,0.011936784035520983,0.1299897653229849,0.20205453846306445,detector2,b,3,{},{'Err223_CR10': '100%'},2018-01-17 14:45:00.000000000,2018-02-20 16:06:29.600000000,0.000187,1,5.607187316312447e-05,0.0027151401832012888,0.07201439450841657,0.01211919937026553,0.00028930602705856646,0.014008924394231834,2.61093592089384e-06,48.42277425246406,0.150897823590446,0.025418580873919037,0.0003407609270418922,0.01650049999745887,3.0753073273190104e-06,57.03506979088817,0.1777359524033522,0.029957727984730353,49041.48333333333,34.05658564814814,10.819024868446297,2.1869614481988804,3
10,2,41 21.30,13 57.78,StnX009,"Calm, sunny, clouds",17/01/2018,12,Sampler001,14:45:00,16:55:00,3200b,849,5,/Users/seanselzer/Documents/GitHub/RaDeCC_Reader/Results_Folder_2020-07-09_135502/Read_Files/StnX009/3200b/4-StnX009-3200B-180514-detector1.txt,2018-05-14 08:48:47.000000000,2018-05-14 18:45:06.200000000,0.0012032624906964811,0.00028301361461287544,8,0.004743136444771583,59,0.012880912509841372,0.013415615776764152,0.3535533905932738,0.09894016635363562,0.13018891098082386,1.056479742420177,0.13018891098082386,8.449266311564528e-05,2.45124263043731e-05,0.00899865901984365,0.002647468022880216,0.013331123113648506,0.004743199784192496,0.08994150733379197,0.013150170874112672,0.01103761467663681,0.08993695870161311,596.32,0.004755038377408134,0.013150172469400555,0.13754194713898416,0.23520521648527368,detector1,b,4,{},"{'Err224_CR2': '1%', 'Err223_CR10': '25%'}",2018-01-17 14:45:00.000000000,2018-05-14 13:46:56.600000000,0.000186,1,0.010703461238890773,0.004862015456652862,0.08257564398925923,0.014365508718036463,0.06595184935709685,0.030081331141891154,0.05368679301879408,0.5057730479247692,0.18638360374601465,0.054481515797514854,0.07768180136289381,0.035434438867571166,0.06323532746618855,0.5957280880463652,0.21953310217433997,0.06418441964099719,168421.93333333332,116.95967592592592,7.619732833672006,1.792762630039161,4
11,2,41 21.30,13 57.78,StnX009,"Calm, sunny, clouds",17/01/2018,12,Sampler001,14:45:00,16:55:00,3200b,849,5,/Users/seanselzer/Documents/GitHub/RaDeCC_Reader/Results_Folder_2020-07-09_135502/Read_Files/StnX009/3200b/2-StnX009-3200b-180125-detector1.txt,2018-01-25 13:23:14.000000000,2018-01-26 00:16:48.200000000,0.0012291946665555769,0.0002731420478044835,9,0.004590173967593371,60,0.011851778221789303,0.013770521902780114,0.3333333333333333,0.09180347935186743,0.12909944487358058,1.147543491898343,0.12909944487358058,0.00010311774266278885,2.9131568794006337e-05,0.010971322022517728,0.0031477502679798674,0.013667404160117325,0.0045902664085074926,0.0808321573293497,0.012262666054657386,0.011606184148218908,0.08082737634767366,653.57,0.004600904881707097,0.01226266773874733,0.14814722777236627,0.2222121973323203,detector1,b,2,{},{'Err223_CR10': '24%'},2018-01-17 14:45:00.000000000,2018-01-25 18:50:01.100000000,0.000186,1,0.01127203071047287,0.004711383030557307,0.07346606163531978,0.013557795721425953,0.06945522151885868,0.029170456140158042,0.05653864354231656,0.47330211527145943,0.16582213179468255,0.049846598392836464,0.08180827034023402,0.03436198336957557,0.06659439757634458,0.5574820169561026,0.19531464286770617,0.05872339667515551,11765.016666666666,8.170150462962964,7.783949912962605,1.7302959801566797,2
12,2,41 21.30,13 57.78,StnX009,"Calm, sunny, clouds",17/01/2018,12,Sampler001,14:45:00,16:55:00,3200b,849,5,/Users/seanselzer/Documents/GitHub/RaDeCC_Reader/Results_Folder_2020-07-09_135502/Read_Files/StnX009/3200b/1-StnX009-3200B-180118-detector1.txt,2018-01-18 17:56:49.000000000,2018-01-19 04:06:22.000000000,0.0011980884739264664,0.00031345569941869893,9,0.004921663522270528,69,0.013627469219781928,0.014764990566811584,0.3333333333333333,0.11319826101222213,0.1203858530857692,1.2074481174637028,0.1203858530857692,0.00011076113660235765,2.966228052310939e-05,0.011780039500341843,0.003205635499996276,0.014654229430209227,0.004921752906976758,0.10141822151188029,0.013999429141752182,0.01206806478165628,0.10141272529169729,609.55,0.004934682389367117,0.013999431091514134,0.1453596716776739,0.2616298430711199,detector1,b,1,{},{'Err224_CR2': '1%'},2018-01-17 14:45:00.000000000,2018-01-18 23:01:35.500000000,0.000186,1,0.011733911343910242,0.005037846227708535,0.09405141057934341,0.015146777731222373,0.07230120575494292,0.031183610976206033,0.0588553604821269,0.4832564701745513,0.21228585081884657,0.060050717034381154,0.08516043080676433,0.03673323667406027,0.0693231572227643,0.5692068250643714,0.2500422271128935,0.07074644270447826,1936.5833333333333,1.344849537037037,7.586968058097866,1.985480091757635,1
13,2,42 21.30,14 57.78,StnX009,"Calm, sunny, clouds",17/01/2018,12,Sampler002,14:45:00,16:55:00,3400a,763,5,/Users/seanselzer/Documents/GitHub/RaDeCC_Reader/Results_Folder_2020-07-09_135502/Read_Files/StnX009/3400a/2-StnX009-3400A-180125-detector1.txt,2018-01-25 01:17:53.000000000,2018-01-25 11:05:20.000000000,-999.0,-999.0,26,0.0086799208674658,100,0.017022725338326664,0.04425908587964933,0.19611613513818402,0.17022725338326664,0.1,2.357647459358243,0.1,0.0004461682822703499,9.647953731287034e-05,0.04693733865984791,0.010474277407332264,0.04381291759737898,0.008680457048254334,0.12328991472341873,0.019987087460404524,0.0406690247719318,0.12324080811072344,587.45,0.008695406765635063,0.0199871254947101,0.2357647459358243,1.0,detector1,a,2,{},"{'Err223_CR10': '5%', 'Err226_short_read': True}",2018-01-17 14:45:00.000000000,2018-01-25 06:11:36.500000000,0.000186,1,0.040334871334185764,0.008754364805624632,0.11587949339836956,0.020806873630949265,0.24853262871681894,0.054862742006763505,0.2023130499963891,0.30724170252035193,0.26155457634287327,0.07619024462724504,0.3257308371124757,0.07193566288317803,0.2651547182128297,0.4026796368530656,0.3427976098858103,0.0998814171227898,11006.6,7.643472222222223,-999.0,-999.0,2
14,2,42 21.30,14 57.78,StnX009,"Calm, sunny, clouds",17/01/2018,12,Sampler002,14:45:00,16:55:00,3400a,763,5,/Users/seanselzer/Documents/GitHub/RaDeCC_Reader/Results_Folder_2020-07-09_135502/Read_Files/StnX009/3400a/3-StnX009-3400A-180219-detector1.txt,2018-02-19 11:01:46.000000000,2018-02-19 20:41:17.200000000,-999.0,-999.0,5,0.003858482843559825,48,0.011955071835787392,0.008627829928216455,0.447213595499958,0.08282716731087797,0.14433756729740643,1.3079790171176147,0.14433756729740643,0.00014106051331242887,4.336074748157568e-05,0.014981561199964308,0.004688909611507859,0.008486769414904026,0.003858726474948396,0.06784560611091366,0.012841713902113212,0.006756706459075728,0.06784376251472186,579.52,0.0038725963495096004,0.012841714340165681,0.18879050940680922,1.0,detector1,a,3,{},"{'Err223_CR10': '46%', 'Err226_short_read': True}",2018-01-17 14:45:00.000000000,2018-02-19 15:51:31.600000000,0.000186,1,0.006422553021329691,0.004003224552325568,0.060482447802367986,0.014083693831783558,0.039574044311165235,0.02472277825498271,0.03221446474300409,0.663320860314775,0.13651648404040131,0.0458399065973384,0.05186637524399113,0.03240385106219918,0.0422207925858507,0.8693589697339794,0.17892068681572912,0.06008995442564245,47586.51666666667,33.04619212962963,-999.0,-999.0,3
15,2,42 21.30,14 57.78,StnX009,"Calm, sunny, clouds",17/01/2018,12,Sampler002,14:45:00,16:55:00,3400a,763,5,/Users/seanselzer/Documents/GitHub/RaDeCC_Reader/Results_Folder_2020-07-09_135502/Read_Files/StnX009/3400a/4-StnX009-3400A-180513-detector1.txt,2018-05-13 20:41:24.000000000,2018-05-14 06:42:40.200000000,0.0028047734773965333,0.000301671254004526,7,0.004400271610199396,82,0.015060430652015594,0.011642024381725348,0.37796447300922725,0.1363779999002112,0.11043152607484655,1.5766627305536616,0.11043152607484655,0.00019538322511189135,4.715706840561225e-05,0.020706014791918265,0.005104190510434688,0.011446641156613457,0.004400524290653035,0.11567198510829295,0.015901865682711017,0.008497005536351987,0.11566863146729928,601.27,0.00441916760441201,0.015901866519787658,0.17411327144037544,0.10755637003689347,detector1,a,4,{},{'Err223_CR10': '59%'},2018-01-17 14:45:00.000000000,2018-05-14 01:42:02.100000000,0.000186,1,0.00816285209860595,0.0045340761623501365,0.1083073167549454,0.01692070221847028,0.05029729915547511,0.028015910200997796,0.040943517361333684,0.5991076805701503,0.24446322224836123,0.06803885112240897,0.0659204445025886,0.03672064087785576,0.053661228520751884,0.7852001843376837,0.32039740792707894,0.08919752037539386,167697.03333333333,116.45627314814814,19.763338529267134,2.129614643555804,4
16,2,42 21.30,14 57.78,StnX009,"Calm, sunny, clouds",17/01/2018,12,Sampler002,14:45:00,16:55:00,3400a,763,5,/Users/seanselzer/Documents/GitHub/RaDeCC_Reader/Results_Folder_2020-07-09_135502/Read_Files/StnX009/3400a/1-StnX009-3400A-180118-detector1.txt,2018-01-18 06:03:24.000000000,2018-01-18 15:24:33.000000000,-999.0,-999.0,26,0.009086731735886634,94,0.017277661436037886,0.04633342243606879,0.19611613513818402,0.16751314265347947,0.10314212462587935,2.183017018622472,0.10314212462587935,0.00037532315075427066,8.453409354915067e-05,0.03955523270594222,0.009170861182989756,0.04595809928531452,0.009087124938776923,0.12795790994753725,0.01956073310323565,0.04269517258165232,0.12790387871791717,561.15,0.009100804348529298,0.019560779971574932,0.22516101339517458,1.0,detector1,a,1,{},"{'Err223_CR10': '1%', 'Err226_short_read': True}",2018-01-17 14:45:00.000000000,2018-01-18 10:43:58.500000000,0.000186,1,0.04236101914390628,0.009157152620783216,0.12054256400556329,0.02039766942200428,0.26101720656873517,0.0573939435625558,0.21247587262526996,0.306565174741946,0.27207971259738356,0.0774376152412707,0.3420933244675428,0.07525481749978444,0.2784742760488466,0.4017933639486889,0.35659202175279625,0.10151787467643968,1198.9666666666667,0.8326157407407407,-999.0,-999.0,1
17,2,42 21.30,14 57.78,StnX009,"Calm, sunny, clouds",17/01/2018,12,Sampler002,14:45:00,16:55:00,3400b,763,5,/Users/seanselzer/Documents/GitHub/RaDeCC_Reader/Results_Folder_2020-07-09_135502/Read_Files/StnX009/3400b/2-StnX009-3400b-180127-detector1.txt,2018-01-28 00:53:58.000000000,2018-01-28 10:56:32.200000000,0.002407186275651466,0.00032555187512448025,12,0.005748878329717301,73,0.014179271695101863,0.01991469870720414,0.28867513459481287,0.12114775046882519,0.11704114719613055,1.616409711734736,0.11704114719613055,0.0002085653306160024,5.2900077530826484e-05,0.022092435595180735,0.005726965471798496,0.01970613337658814,0.005749121712757171,0.09905531487364445,0.015292150905568812,0.017180222847310207,0.0990453767157951,602.57,0.005762331242832446,0.01529215531098018,0.1891864470004002,0.1352416630226819,detector1,b,2,{},{'Err223_CR10': '13%'},2018-01-17 14:45:00.000000000,2018-01-28 05:55:15.099999999,0.000186,1,0.01684606940956417,0.0058509200714272356,0.09168406200344122,0.016349031127505406,0.10380094879232844,0.03629888508730266,0.08449710064678448,0.4111067804122307,0.20694244763622,0.060716883880129746,0.13604318321406086,0.047582251526849736,0.11074325117534008,0.5388036085320308,0.27122208078141546,0.07959636479877831,15310.25,10.632118055555555,16.96181087424757,2.2966348467586877,2
18,2,42 21.30,14 57.78,StnX009,"Calm, sunny, clouds",17/01/2018,12,Sampler002,14:45:00,16:55:00,3400b,763,5,/Users/seanselzer/Documents/GitHub/RaDeCC_Reader/Results_Folder_2020-07-09_135502/Read_Files/StnX009/3400b/1-StnX009-3400B-180118-detector1.txt,2018-01-18 17:58:58.000000000,2018-01-19 04:06:23.800000000,0.001804159467593151,0.00038391314656078233,25,0.008231401149103602,69,0.013675030642079046,0.041157005745518005,0.2,0.1135933358576297,0.1203858530857692,1.5705513392489672,0.1203858530857692,0.0001918362873084869,5.071613254042335e-05,0.020332796586266636,0.005489109531043194,0.040965169458209515,0.008231557386276546,0.09326053927136306,0.01473556196775644,0.038587025706789756,0.09321760689629165,607.43,0.008240129258633582,0.01473560251793804,0.18907216279048422,0.212793355275265,detector1,b,1,{},{},2018-01-17 14:45:00.000000000,2018-01-18 23:02:40.900000000,0.000186,1,0.03825287226904372,0.00830232103264481,0.08585629218393777,0.015829680550145768,0.2357039104507177,0.05203063665712928,0.1918700866987346,0.3073075447497174,0.19378843892025288,0.057756974120673085,0.3089173138279393,0.06822222540274102,0.2514680035370047,0.40276555298071837,0.25398222663204834,0.07571550890662121,1937.6666666666667,1.345601851851852,12.712689493884858,2.70645829294509,1
19,2,42 21.30,14 57.78,StnX009,"Calm, sunny, clouds",17/01/2018,12,Sampler002,14:45:00,16:55:00,3400b,763,5,/Users/seanselzer/Documents/GitHub/RaDeCC_Reader/Results_Folder_2020-07-09_135502/Read_Files/StnX009/3400b/4-StnX009-3400B-180514-detector1.txt,2018-05-14 08:42:03.000000000,2018-05-14 18:45:12.000000000,0.001541182660992181,0.00029938352308748887,11,0.005498839078762165,70,0.013871508356695277,0.018237586006797646,0.30151134457776363,0.11605736549780321,0.11952286093343936,1.1340462571499628,0.11952286093343936,9.484951759364679e-05,2.5622225066395652e-05,0.01009596123566709,0.0027680287129757787,0.018142736489204,0.005498898772712523,0.10596140426213613,0.014144989467854871,0.015440720680519528,0.10595298023997785,603.15,0.00551071594307861,0.014144993160738134,0.1355444530854224,0.19425570418418284,detector1,b,4,{},{'Err223_CR10': '14%'},2018-01-17 14:45:00.000000000,2018-05-14 13:43:37.500000000,0.000186,1,0.01510656724277349,0.005603284263305578,0.09859166552762397,0.015281414733928593,0.09308260429609412,0.0347344225528268,0.07577204519977535,0.431481626842837,0.2225337766999487,0.06204899283257196,0.1219955495361653,0.045530508659379285,0.09930805399708433,0.5655070937705875,0.29165632595012936,0.08134485820079486,168418.61666666667,116.95737268518519,10.859670098170643,2.1107528594711042,4
20,2,43 21.30,15 57.78,StnX009,"Calm, sunny, clouds",17/01/2018,12,Sampler003,14:45:00,16:55:00,3600a,859,5,/Users/seanselzer/Documents/GitHub/RaDeCC_Reader/Results_Folder_2020-07-09_135502/Read_Files/StnX009/3600a/1-StnX009-3600A-180118-detector1.txt,2018-01-18 06:05:19.000000000,2018-01-18 15:24:35.200000000,-999.0,-999.0,446,0.037761210295461714,577,0.042950317912508494,0.7974681280955531,0.047351372381037836,1.0317020401594936,0.041630544712181326,7.6438929318576,0.041630544712181326,0.003546699205726397,0.0003745866715991767,0.3589839283765639,0.04115366890585309,0.7939214288898268,0.03776306817715721,0.6727181117829297,0.05948406738949622,0.7767671170393621,0.656784544172748,559.27,0.03779351972254993,0.05956686203293505,0.31821942647482465,1.0,detector1,a,1,{},"{'Err224_CR2': '100%', 'Err226_short_read': True}",2018-01-17 14:45:00.000000000,2018-01-18 10:44:57.100000000,0.000186,1,0.7764329636016161,0.037807128128818215,0.6494232294603941,0.05984690348884995,4.784171092737546,0.3013527965106701,3.8944594537690573,0.2211953116047514,1.4658298260313583,0.3470927115652896,5.569465765701451,0.3523128238611159,4.5337129845972735,0.2588519662229364,1.7064375157524543,0.40418808415216595,1199.95,0.8332986111111111,-999.0,-999.0,1
21,2,43 21.30,15 57.78,StnX009,"Calm, sunny, clouds",17/01/2018,12,Sampler003,14:45:00,16:55:00,3600a,859,5,/Users/seanselzer/Documents/GitHub/RaDeCC_Reader/Results_Folder_2020-07-09_135502/Read_Files/StnX009/3600a/3-StnX009-3600A-180219-detector1.txt,2018-02-19 11:04:01.000000000,2018-02-19 20:41:16.000000000,-999.0,-999.0,110,0.01816905756899353,437,0.036214023318089,0.19055868341273277,0.09534625892455924,0.7570376786487657,0.04783648732349399,5.926375054135989,0.04783648732349399,0.002554459694453013,0.00028091080415712597,0.26087053948008393,0.03079657661741964,0.18800422371827977,0.01817122901251573,0.49616713916868177,0.04753824372266704,0.1753519616694784,0.4952650057905695,577.25,0.018211618648461773,0.04753954450504179,0.2834969651514473,1.0,detector1,a,3,{},"{'Err224_CR2': '5%', 'Err226_short_read': True}",2018-01-17 14:45:00.000000000,2018-02-19 15:52:38.500000000,0.000186,1,0.17501780823173235,0.018239842601489403,0.48790369107821563,0.047889968641667016,1.0784126616321246,0.12038950727315073,0.877860407528673,0.23990678413551195,1.101259933691446,0.26422166399198294,1.2554280112131835,0.14034114325398087,1.0219562369367554,0.27934946990721604,1.282025533983057,0.3076826644218179,47587.63333333333,33.046967592592594,-999.0,-999.0,3
22,2,43 21.30,15 57.78,StnX009,"Calm, sunny, clouds",17/01/2018,12,Sampler003,14:45:00,16:55:00,3600a,859,5,/Users/seanselzer/Documents/GitHub/RaDeCC_Reader/Results_Folder_2020-07-09_135502/Read_Files/StnX009/3600a/2-StnX009-3600A-180125-detector1.txt,2018-01-25 01:21:25.000000000,2018-01-25 11:05:20.800000000,-999.0,-999.0,352,0.03212998653827294,598,0.041878373300352725,0.6028119808881202,0.05330017908890261,1.0240953538951587,0.040893041005476534,7.379309163769631,0.040893041005476534,0.0034664695036886483,0.0003508169292540847,0.35109782577252535,0.038536630321364874,0.5993455113844315,0.032131901709476385,0.6729975281226334,0.05691107121474024,0.5821840744173044,0.6638889698235149,583.93,0.032164657354033545,0.056946399293670596,0.3017623922261203,1.0,detector1,a,2,{},"{'Err224_CR2': '100%', 'Err226_short_read': True}",2018-01-17 14:45:00.000000000,2018-01-25 06:13:22.900000000,0.000186,1,0.5818499209795583,0.03218064615623017,0.656527655111161,0.05723926272469945,3.5852027190467353,0.24463633133989426,2.9184630633434683,0.2227748533276026,1.4818654073646116,0.3480537143264501,4.173693502964767,0.2858263099772776,3.397512297256657,0.2600949972374021,1.7251052472230637,0.4053091706042491,11008.366666666667,7.644699074074074,-999.0,-999.0,2
23,2,43 21.30,15 57.78,StnX009,"Calm, sunny, clouds",17/01/2018,12,Sampler003,14:45:00,16:55:00,3600a,859,5,/Users/seanselzer/Documents/GitHub/RaDeCC_Reader/Results_Folder_2020-07-09_135502/Read_Files/StnX009/3600a/4-StnX009-3600A-180513-detector1.txt,2018-05-13 20:47:31.000000000,2018-05-14 06:42:50.200000000,0.00943203962419386,0.0006697582043679815,46,0.011392746729700445,398,0.03351128358405564,0.07726936773499966,0.14744195615489714,0.6685480077941275,0.05012547071170855,5.111536652556608,0.05012547071170855,0.001938883822499738,0.00022071513030672734,0.1992957406248471,0.024153965373868658,0.07533048391249993,0.01139488451963628,0.46925226716928037,0.041308838893547264,0.06336455109968328,0.4691071701986344,595.32,0.011443469444703635,0.04130893280555052,0.256218180769551,0.071008841253169,detector1,a,4,{},{'Err224_CR2': '3%'},2018-01-17 14:45:00.000000000,2018-05-14 01:45:10.600000000,0.000186,1,0.06303039766193724,0.011488333093272185,0.46174585548628055,0.041711733772243145,0.38837635777235663,0.07248534819414106,0.3161500600266937,0.2832523379717965,1.0422184121447926,0.24701156301085758,0.4521261440888901,0.08442443683578212,0.3680443073651848,0.3297535688528061,1.2132926800288621,0.2876438256406312,167700.16666666666,116.45844907407407,59.033632657340114,4.20596977654174,4
24,2,43 21.30,15 57.78,StnX009,"Calm, sunny, clouds",17/01/2018,12,Sampler003,14:45:00,16:55:00,3600b,0,5,/Users/seanselzer/Documents/GitHub/RaDeCC_Reader/Results_Folder_2020-07-09_135502/Read_Files/StnX009/3600b/4-StnX009-3600B-180514-detector1.txt,2018-05-14 08:51:16.000000000,2018-05-14 18:45:02.800000000,0.005212474858071821,0.00047850414343618983,24,0.008250495950632146,158,0.02116912844820731,0.04041901040789518,0.20412414523193148,0.2660918185186433,0.07955572841757301,3.1257368048772274,0.07955572841757301,0.0007828872196298589,0.0001350262968296005,0.08178608560483595,0.014698153898168413,0.03963612318826532,0.008251600786043454,0.1843057329138073,0.025771451788188873,0.034936326998963235,0.1842655402332282,593.78,0.008277728589226084,0.025771473598100916,0.2486702683536251,0.09179979884127369,detector1,b,4,{},{'Err224_CR2': '1%'},2018-01-17 14:45:00.000000000,2018-05-14 13:48:09.400000000,0.000186,1,0.0346021735612172,0.00833963997586215,0.17690422552087431,0.026412301228227235,0.21320928690297322,0.05210095886281013,0.1735587851929263,0.32481874915403025,0.3992950642294353,0.10770566248128531,-999.0,-999.0,-999.0,-999.0,-999.0,-999.0,168423.15,116.96052083333333,-999.0,-999.0,4
25,2,43 21.30,15 57.78,StnX009,"Calm, sunny, clouds",17/01/2018,12,Sampler003,14:45:00,16:55:00,3600b,0,5,/Users/seanselzer/Documents/GitHub/RaDeCC_Reader/Results_Folder_2020-07-09_135502/Read_Files/StnX009/3600b/2-StnX009-3600b-180127-detector3.txt,2018-01-27 13:07:23.000000000,2018-01-27 22:47:21.800000000,-999.0,-999.0,142,0.020546183123233534,201,0.024444716850163497,0.2448360288285803,0.08391813582966891,0.3465636746094693,0.07053456158585983,3.979447567157488,0.07053456158585983,0.001144094692132673,0.00018482659421101638,0.11881416401421835,0.02016113114030781,0.24369193413644763,0.020547014425540615,0.22774951059525095,0.03168620189832408,0.23788432161626874,0.22623513981004434,579.98,0.020562895292521522,0.03169040713274069,0.2806885895033699,1.0,Err_DetectorNotFound,b,2,{},"{'Err224_CR2': '100%', 'Err226_short_read': True}",2018-01-17 14:45:00.000000000,2018-01-27 17:57:22.400000000,-999.0,-999,-999.0,-999.0,-999.0,-999.0,-999.0,-999.0,-999.0,-999.0,-999.0,-999.0,0.0,-999.0,0.0,-999.0,0.0,-999.0,14592.366666666667,10.133587962962963,-999.0,-999.0,2
26,2,43 21.30,15 57.78,StnX009,"Calm, sunny, clouds",17/01/2018,12,Sampler003,14:45:00,16:55:00,3600b,0,5,/Users/seanselzer/Documents/GitHub/RaDeCC_Reader/Results_Folder_2020-07-09_135502/Read_Files/StnX009/3600b/1-StnX009-3600B-180118-detector1.txt,2018-01-18 18:01:42.000000000,2018-01-19 04:06:27.000000000,0.00575116028223732,0.0005898834452693978,272,0.02727147168659883,349,0.03089134632868029,0.4497726333195535,0.06063390625908324,0.5770979743695742,0.05352877275721893,4.968995452666391,0.05352877275721893,0.0015669081204542636,0.00020629243567959525,0.1617810957020157,0.022545235477461276,0.44820572519909924,0.02727225191512392,0.4153168786675585,0.0382434689944917,0.4376151447930765,0.4102107538517827,604.75,0.02728968222719324,0.038264469719146876,0.26598422841743347,0.10256772830541265,detector1,b,1,{},{'Err224_CR2': '100%'},2018-01-17 14:45:00.000000000,2018-01-18 23:04:04.500000000,0.000186,1,0.43728099135533044,0.02730852541590801,0.40284943913942883,0.038698972178089035,2.6944078578806936,0.1997827078955065,2.193329199777586,0.22469421638845488,0.9092818003772871,0.2179621206245089,-999.0,-999.0,-999.0,-999.0,-999.0,-999.0,1939.0666666666666,1.346574074074074,-999.0,-999.0,1
27,2,43 21.30,15 57.78,StnX009,"Calm, sunny, clouds",17/01/2018,12,Sampler003,14:45:00,16:55:00,3600filt,0,5,/Users/seanselzer/Documents/GitHub/RaDeCC_Reader/Results_Folder_2020-07-09_135502/Read_Files/StnX009/3600filt/1-StnX009-3600filt-180119-bw.txt,2018-01-19 19:15:25.000000000,2018-01-20 04:55:08.200000000,-999.0,-999.0,4,0.003449941350997033,53,0.012557976073415644,0.006899882701994066,0.5,0.09142344580142137,0.137360563948689,0.7365624784378665,0.137360563948689,3.837401274618474e-05,1.2189676066372913e-05,0.0040996577458377636,0.0013147004744503555,0.006861508689247881,0.0034499628858180253,0.0873237880555836,0.012626606844200059,0.004634752093830499,0.08732258293216884,579.72,0.0034649551298076915,0.012626607076965352,0.10117463742166943,1.0,Err_DetectorNotFound,t,1,{},"{'Err223_CR10': '86%', 'Err226_short_read': True}",2018-01-17 14:45:00.000000000,2018-01-20 00:05:16.600000000,-999.0,-999,-999.0,-999.0,-999.0,-999.0,-999.0,-999.0,-999.0,-999.0,-999.0,-999.0,0.0,-999.0,0.0,-999.0,0.0,-999.0,3440.2666666666664,2.389074074074074,-999.0,-999.0,1
28,2,44 21.30,16 57.78,StnX009,"Calm, sunny, clouds",17/01/2018,12,Sampler004,14:45:00,16:55:00,3800a,933,5,/Users/seanselzer/Documents/GitHub/RaDeCC_Reader/Results_Folder_2020-07-09_135502/Read_Files/StnX009/3800a/4-StnX009-3800A-180513-detector1.txt,2018-05-13 20:52:43.000000000,2018-05-14 06:42:53.200000000,0.007192696636861637,0.0005044294105279088,26,0.008639916487779429,251,0.026844772722698307,0.044055102766999345,0.19611613513818402,0.42530118440449366,0.06311944030978031,4.01240320585594,0.06311944030978031,0.0012552148266009534,0.00017467648927644604,0.13014283643623614,0.01906429774320953,0.04279988794039839,0.00864168205800866,0.2951583479682575,0.0329255109447837,0.035273350067207825,0.2951114852013589,590.17,0.00868237282314923,0.032925532780145435,0.2532606446507952,0.07013077792587184,detector1,a,4,{},{'Err223_CR10': '1%'},2018-01-17 14:45:00.000000000,2018-05-14 01:47:48.100000000,0.000186,1,0.03493919662946179,0.008741418773303764,0.28775017048900503,0.0334295006485205,0.21528593240396046,0.054557334936846724,0.17524923721620855,0.33167008725342795,0.6494882893222954,0.1622725890291473,0.23074590825719235,0.05848824500707413,0.18783412349004133,0.35548919287007025,0.6961289274622673,0.17396560938067812,167702.8,116.46027777777778,41.44738695191623,2.9152117661708377,4
29,2,44 21.30,16 57.78,StnX009,"Calm, sunny, clouds",17/01/2018,12,Sampler004,14:45:00,16:55:00,3800a,933,5,/Users/seanselzer/Documents/GitHub/RaDeCC_Reader/Results_Folder_2020-07-09_135502/Read_Files/StnX009/3800a/3-StnX009-3800A-180219-detector1.txt,2018-02-19 23:13:48.000000000,2018-02-20 09:04:33.000000000,0.006218403013052944,0.0005647709037702836,93,0.01632441940074982,255,0.027031264363387743,0.15742699957680914,0.10369516947304253,0.4316546762589928,0.06262242910851494,4.064325010579772,0.06262242910851494,0.001205928048985663,0.00017229664657182232,0.1251214367477355,0.01880011765391327,0.15622107152782347,0.016325328630872854,0.3065332395112573,0.032926185276833046,0.1484044739202864,0.305910028656292,590.75,0.016346905298232784,0.0329272300676299,0.254517904848996,0.09082249937560859,detector1,a,3,{},{'Err224_CR2': '11%'},2018-01-17 14:45:00.000000000,2018-02-20 04:09:10.500000000,0.000186,1,0.14807032048254037,0.01637834293081868,0.29854871394393817,0.03343117234976411,0.9123694899028363,0.10732456779922983,0.742696261568979,0.2428198071680845,0.6738619586890178,0.16694614897558252,0.9778879848904999,0.11515100259421718,0.7960302910707171,0.26029198827709876,0.7222529032036632,0.1789766373048731,48324.166666666664,33.55844907407407,35.8330913866297,3.2601114882798456,3
30,2,44 21.30,16 57.78,StnX009,"Calm, sunny, clouds",17/01/2018,12,Sampler004,14:45:00,16:55:00,3800a,933,5,/Users/seanselzer/Documents/GitHub/RaDeCC_Reader/Results_Folder_2020-07-09_135502/Read_Files/StnX009/3800a/3-StnX009-3800A-180220-detector1.txt,2018-02-20 11:11:28.000000000,2018-02-20 21:07:46.000000000,0.0060321400692761136,0.0005954397292310122,72,0.014229886591042377,235,0.025708049164440534,0.12074459164849909,0.1178511301977579,0.3940969310749623,0.06523280730534421,3.8185477108837835,0.06523280730534421,0.001085935773840359,0.00015985378423754172,0.1128737632791508,0.01743182991222721,0.11965865587465872,0.014230784434677617,0.28122316779581147,0.03106078694962687,0.11248746509586553,0.28085732245629813,596.3,0.014252809159433758,0.031061279684368105,0.2490945870103451,0.09871119078679946,detector1,a,3,{},{'Err224_CR2': '15%'},2018-01-17 14:45:00.000000000,2018-02-20 16:09:37.000000000,0.000186,1,0.1121533116581195,0.014288854861931589,0.2734960077439443,0.031594998027908466,0.691058541745359,0.09229379957664542,0.5625424799488277,0.25104943971468396,0.6173148530345667,0.154204580824401,0.7406843962972764,0.09900114926995573,0.6029394211670178,0.26909704166839976,0.6616450729202215,0.16531625211210285,49044.61666666667,34.058761574074076,34.75976483119613,3.4362306407297853,3
31,2,44 21.30,16 57.78,StnX009,"Calm, sunny, clouds",17/01/2018,12,Sampler004,14:45:00,16:55:00,3800a,933,5,/Users/seanselzer/Documents/GitHub/RaDeCC_Reader/Results_Folder_2020-07-09_135502/Read_Files/StnX009/3800a/2-StnX009-3800A-180125-detector1.txt,2018-01-25 13:14:49.000000000,2018-01-26 00:16:40.000000000,8.371675948037827e-05,0.00038431118452023034,327,0.02732211425553392,247,0.023745914701974333,0.4940696532446929,0.0553001263609331,0.3731963435823827,0.06362847629757779,2.684898390874065,0.06362847629757779,0.0003187886379474754,6.0189003914926965e-05,0.033649499400426705,0.006525601401114626,0.4937508646067454,0.027322180551863754,0.33954684418195596,0.024626244916342195,0.4850924200801055,0.33335474003311394,661.85,0.02732939617850655,0.02466604907041415,0.17083599362513519,4.59061228487118,detector1,a,2,{},{'Err224_CR2': '97%'},2018-01-17 14:45:00.000000000,2018-01-25 18:45:44.500000000,0.000186,1,0.48475826664235944,0.027348212003929534,0.3259934253207601,0.025334853097996837,2.9869500587379605,0.2065158608490206,2.431467367846963,0.2230766974410717,0.7358081205723773,0.17206040409001983,3.201447008293634,0.2220099674570446,2.606074349246477,0.23950368581971873,0.7886475032930089,0.18446471942818382,11760.733333333334,8.167175925925926,0.4824116878169524,2.2145665294737324,2
32,2,44 21.30,16 57.78,StnX009,"Calm, sunny, clouds",17/01/2018,12,Sampler004,14:45:00,16:55:00,3800a,933,5,/Users/seanselzer/Documents/GitHub/RaDeCC_Reader/Results_Folder_2020-07-09_135502/Read_Files/StnX009/3800a/5-StnX009-3800a-190812-detector2.txt,2019-12-08 18:19:53.000000000,2019-12-09 09:47:57.800000000,0.006887250238831804,0.0002865873761538094,23,0.005167476428015601,430,0.022343377029273036,0.024782346349452634,0.20851441405707474,0.4633221274028101,0.04822428221704121,4.125721920524093,0.04822428221704121,0.0013257280103002942,0.00014111204099239526,0.1373176994845436,0.0154060752676247,0.02345661833915234,0.005169402793573926,0.3260044279182665,0.027139890423949087,0.015143505427236545,0.3259903477512721,928.08,0.005215523200942408,0.02713989326804311,0.19895997824438713,0.041611291330459856,detector2,a,5,{},{'Err223_CR10': '55%'},2018-01-17 14:45:00.000000000,2019-12-09 02:03:55.400000000,0.000187,1,0.013883924108344048,0.005382850053812274,0.32204308861202213,0.02722061694499865,0.07163489816154815,0.027773375036076752,0.0006464923344362107,0.38777826192865805,0.6748039958625183,0.05723585020472176,0.07677909770798301,0.029770662479438624,0.0006929178289777178,0.41562514677827994,0.7232625893488941,0.0614683607078418,994278.9166666666,690.4714699074074,39.47504306636522,1.6561740351154952,5
33,2,44 21.30,16 57.78,StnX009,"Calm, sunny, clouds",17/01/2018,12,Sampler004,14:45:00,16:55:00,3800a,933,5,/Users/seanselzer/Documents/GitHub/RaDeCC_Reader/Results_Folder_2020-07-09_135502/Read_Files/StnX009/3800a/1-StnX009-3800A-180118-detector1.txt,2018-01-18 05:54:21.000000000,2018-01-18 15:24:27.000000000,-999.0,-999.0,402,0.03516915919270904,311,0.030933506557706363,0.7051394492194352,0.04987546680538165,0.5455183301175233,0.056704797712374265,3.492369759691282,0.056704797712374265,0.0004891341969260805,8.69168800850414e-05,0.05140507986242778,0.009439882271427748,0.7046503150225091,0.03516926659551141,0.4941132502550955,0.032341818211938524,0.6920504271410042,0.481543743068861,570.1,0.03517893503146266,0.03244524446173184,0.19803412076010726,1.0,detector1,a,1,{},"{'Err224_CR2': '100%', 'Err226_short_read': True}",2018-01-17 14:45:00.000000000,2018-01-18 10:39:24.000000000,0.000186,1,0.6917162737032582,0.03519355444222675,0.47418242835650715,0.03295655766208816,4.262169634937396,0.2757409862385993,3.4695345351562965,0.2216976779715125,1.0702893197129402,0.2459390068787982,4.568241838089385,0.2965545585993587,3.7186865328577667,0.23845231783615428,1.1471482526398074,0.2636718989311807,1194.4,0.8294444444444445,-999.0,-999.0,1
34,2,44 21.30,16 57.78,StnX009,"Calm, sunny, clouds",17/01/2018,12,Sampler004,14:45:00,16:55:00,3800b,933,5,/Users/seanselzer/Documents/GitHub/RaDeCC_Reader/Results_Folder_2020-07-09_135502/Read_Files/StnX009/3800b/1-StnX009-3800B-180118-detector1.txt,2018-01-18 17:50:20.000000000,2018-01-19 04:06:14.000000000,0.0013747396850333075,0.0006032062715681798,517,0.03691773664848863,343,0.03007023733958782,0.839421984088326,0.04397994971335425,0.5569085890566651,0.053994924715603895,3.9649293716512424,0.053994924715603895,0.0006465231707452808,0.00010773610844961127,0.06771635947268513,0.011716207579475894,0.8387754609175807,0.03691789384995066,0.48919222958397995,0.03227210395534369,0.8263010590631892,0.47142000664552763,615.9,0.0369270647945285,0.03243502060215499,0.2140860629249955,0.4387785397739247,detector1,b,1,{},{'Err224_CR2': '100%'},2018-01-17 14:45:00.000000000,2018-01-18 22:58:17.000000000,0.000186,1,0.8259669056254432,0.03694099238880046,0.4640586919331738,0.032946492472116354,5.089385920867028,0.30522923265706203,4.1429135223628295,0.22035018807621032,1.0474387746030396,0.24123912120599714,5.454861651518787,0.32845164238263963,4.440421781739367,0.2373696536125992,1.122656778781393,0.25863281763080637,1933.2833333333333,1.3425578703703704,7.921836629633323,3.476191154062892,1
35,2,44 21.30,16 57.78,StnX009,"Calm, sunny, clouds",17/01/2018,12,Sampler004,14:45:00,16:55:00,3800b,933,5,/Users/seanselzer/Documents/GitHub/RaDeCC_Reader/Results_Folder_2020-07-09_135502/Read_Files/StnX009/3800b/2-StnX009-3800b-180127-detector1.txt,2018-01-28 00:44:21.000000000,2018-01-28 10:56:25.200000000,-0.0005867907625452924,0.00044388693323935623,254,0.026038488163950574,193,0.022697475761677265,0.41498521410949724,0.06274558051381586,0.31532341072099596,0.07198157507486945,2.2742496773244887,0.07198157507486945,0.000228729839201744,4.883504658179341e-05,0.024211348687511625,0.0052884538008672296,0.4147564842702955,0.026038533958845856,0.29111206203348433,0.023305431760768432,0.4073331266884416,0.28673730607206493,612.07,0.026045314925317517,0.023332273241722146,0.1637040738873303,-0.7564654414700233,detector1,b,2,{},{'Err224_CR2': '100%'},2018-01-17 14:45:00.000000000,2018-01-28 05:50:23.100000000,0.000186,1,0.40699897325069556,0.02606505771889014,0.2793759913597111,0.024038214979057507,2.5078182069545853,0.18932407824416886,2.041439600526476,0.2251534488521112,0.6305867148491313,0.14976031360189218,2.6879080460392126,0.20343032673971234,2.1880381570487417,0.24160673496071167,0.675870005197354,0.16055566598369198,15305.383333333333,10.628738425925926,-3.3813387416317604,2.557930090029864,2
36,2,44 21.30,16 57.78,StnX009,"Calm, sunny, clouds",17/01/2018,12,Sampler004,14:45:00,16:55:00,3800b,933,5,/Users/seanselzer/Documents/GitHub/RaDeCC_Reader/Results_Folder_2020-07-09_135502/Read_Files/StnX009/3800b/5-StnX009-3800b-190811-detector2.txt,2019-11-08 15:24:26.000000000,2019-11-09 09:30:39.800000000,0.007841512760652298,0.00024242226850461584,37,0.005599884490667924,632,0.023143910755505804,0.03406276755383298,0.1643989873053573,0.581828894433039,0.039777864208786505,5.209762205057861,0.039777864208786505,0.002157160305762508,0.0001878522897041603,0.22119801617172363,0.020571782220577855,0.03190560724807047,0.005603034427126988,0.36063087826131535,0.030965122780148964,0.022709519852406927,0.3606048315828658,1086.23,0.0056583990438984376,0.030965128200830135,0.20723321355285976,0.030915242492629686,detector2,b,5,{},{'Err223_CR10': '75%'},2018-01-17 14:45:00.000000000,2019-11-09 00:27:32.900000000,0.000187,1,0.021449938533514432,0.005812991672301708,0.35665757244361584,0.03103590412344099,0.11067218103679491,0.02999298935190837,0.0009987969343415646,0.27110308654187615,0.7473346379730162,0.06524487567450271,0.11861970100406742,0.032153111375215045,0.0010705219017594476,0.290571368268721,0.8010017555980882,0.07006182460858587,950982.5333333333,660.404537037037,44.94450516505493,1.4101919239842278,5
37,2,44 21.30,16 57.78,StnX009,"Calm, sunny, clouds",17/01/2018,12,Sampler004,14:45:00,16:55:00,3800b,933,5,/Users/seanselzer/Documents/GitHub/RaDeCC_Reader/Results_Folder_2020-07-09_135502/Read_Files/StnX009/3800b/4-StnX009-3800B-180514-detector1.txt,2018-05-14 08:53:17.000000000,2018-05-14 18:45:02.000000000,0.0072041241551864844,0.000493418547822011,30,0.009255979003044633,257,0.02709120328159087,0.050697084917617236,0.18257418583505539,0.434305027460921,0.06237828615518054,4.212927756653992,0.06237828615518054,0.0013949967623309771,0.0001910922070304513,0.1443557719333612,0.020869134324650585,0.04930208815528626,0.009257951368223475,0.2899492555275598,0.03419728151044742,0.04190838213933348,0.2898870787597219,591.75,0.00929893010193456,0.03419731353905981,0.26279521315566556,0.06849112219516412,detector1,b,4,{},{'Err223_CR10': '10%'},2018-01-17 14:45:00.000000000,2018-05-14 13:49:09.500000000,0.000186,1,0.041574228701587446,0.00935408495635847,0.28252576404736807,0.03468280637494268,0.2561692154778838,0.05855288244427564,0.2085294617696434,0.3128750072884772,0.6376961475600968,0.16137848384674938,0.27456507553899656,0.06277489153329158,0.22350424626971424,0.33534512653061554,0.6834899759486569,0.17300607159653328,168424.15,116.96121527777777,41.5132371883189,2.851978522708278,4
38,2,45 21.30,17 57.78,StnX009,"Calm, sunny, clouds",17/01/2018,12,Sampler005,14:45:00,16:55:00,4000a,840,5,/Users/seanselzer/Documents/GitHub/RaDeCC_Reader/Results_Folder_2020-07-09_135502/Read_Files/StnX009/4000a/1-StnX009-4000A-180118-detector2.txt,2018-01-18 05:56:52.000000000,2018-01-18 15:24:28.000000000,-999.0,-999.0,416,0.03593389368282442,375,0.034117189448620654,0.7329105003523608,0.049029033784546004,0.660676532769556,0.051639777949432225,5.190274841437632,0.051639777949432225,0.0014490123988862007,0.00020083595420241363,0.1498372351784702,0.021938325200757225,0.7314614879534747,0.03593445491849054,0.5108392975910858,0.040561961595653284,0.718435085864902,0.49730082428634226,567.6,0.03594933780865411,0.040654914800475235,0.26802464030836387,1.0,detector2,a,1,{},"{'Err224_CR2': '100%', 'Err226_short_read': True}",2018-01-17 14:45:00.000000000,2018-01-18 10:40:40.000000000,0.000187,1,0.7171755045460095,0.03597399451441257,0.4933535651470923,0.04070884765870285,3.7003079123167173,0.18569513921891292,0.03339462694525754,0.05064388951167989,1.0337652597021112,0.08560907325792246,4.405128467043712,0.2226152713259113,0.03975550826816374,0.06029080906147862,1.2306729282167992,0.10217849112366309,1195.6666666666667,0.8303240740740742,-999.0,-999.0,1
39,2,45 21.30,17 57.78,StnX009,"Calm, sunny, clouds",17/01/2018,12,Sampler005,14:45:00,16:55:00,4000a,840,5,/Users/seanselzer/Documents/GitHub/RaDeCC_Reader/Results_Folder_2020-07-09_135502/Read_Files/StnX009/4000a/3b-StnX009-4000A-180219-detector2.txt,2018-02-19 23:05:05.000000000,2018-02-20 09:04:39.200000000,0.006226779301327261,0.000635392074469476,82,0.015103132475169565,210,0.02416961613521263,0.13676468135497105,0.11043152607484655,0.3502510132261454,0.06900655593423542,3.1022232600030017,0.06900655593423542,0.0006708438878834479,0.00010807160293860173,0.07022976010175744,0.011754823276001356,0.1360938374670876,0.01510351912747103,0.28002125312438797,0.026876499295361254,0.12895329551241572,0.2795481321115846,599.57,0.015119060673857343,0.02687732979145082,0.2140737429118833,0.10204184920028236,detector2,a,3,{},"{'Err223_CR10': '1%', 'Err224_CR2': '25%'}",2018-01-17 14:45:00.000000000,2018-02-20 04:04:52.100000000,0.000187,1,0.1276937141935232,0.015177594938001143,0.2756008729723346,0.026958839681707106,0.6588430000582798,0.07831617863880912,0.005945941992882825,0.11906743688702931,0.5774897115366537,0.05663635499255619,0.7843369048312855,0.09335036474596219,0.007078502372479554,0.1417469549371418,0.6874877518293497,0.0675483019006571,48319.86666666667,33.55546296296296,39.64081551647097,4.051898291038883,3
40,2,45 21.30,17 57.78,StnX009,"Calm, sunny, clouds",17/01/2018,12,Sampler005,14:45:00,16:55:00,4000a,840,5,/Users/seanselzer/Documents/GitHub/RaDeCC_Reader/Results_Folder_2020-07-09_135502/Read_Files/StnX009/4000a/5-StnX009-4000A-190815-detector2.txt,2019-08-15 21:42:45.000000000,2019-08-16 08:13:22.200000000,-0.0229728481480485,0.01629832755965993,1,0.00158574101677714,6,0.0038842563553061716,0.00158574101677714,1.0,0.00951444610066284,0.40824829046386296,0.08563001490596556,0.40824829046386296,5.173611290452375e-07,4.884584007984234e-07,5.558838222741733e-05,5.2541390534330464e-05,0.0015852236556480946,0.0015857410920074584,0.009458857718435423,0.00388461169635469,0.0013440227838279913,0.009458793388955665,630.62,0.0015888320297166281,0.003884611704883855,0.03495830719775554,-0.7094604663133353,detector2,a,5,{},{'Err223_CR10': '98%'},2018-01-17 14:45:00.000000000,2019-08-16 02:58:03.600000000,0.000187,1,8.444146493549504e-05,0.0020731086949100663,0.005511534249705708,0.00441343271879118,0.0004356805535713629,0.010696327708717607,3.931940232700733e-06,24.551088077150133,0.011548781720682135,0.009248868035436468,0.0005186673256801939,0.01273372383701939,4.680881229405635e-06,29.22748580613111,0.01374854966747873,0.011010861308501521,828733.05,575.5090625,-146.2493515918545,103.76178499993392,5
41,2,45 21.30,17 57.78,StnX009,"Calm, sunny, clouds",17/01/2018,12,Sampler005,14:45:00,16:55:00,4000a,840,5,/Users/seanselzer/Documents/GitHub/RaDeCC_Reader/Results_Folder_2020-07-09_135502/Read_Files/StnX009/4000a/2-StnX009-4000A-180125-detector2.txt,2018-01-25 01:10:54.000000000,2018-01-25 11:05:13.200000000,0.005927075674677835,0.0005288925346060069,282,0.028255578852716824,326,0.030380047929175848,0.4744918562390631,0.05954913341754136,0.5485260465742361,0.055384877562171135,4.383160586889217,0.055384877562171135,0.0011246730359365316,0.0001597494866629945,0.11683128649951437,0.017423962356001885,0.47336718320312654,0.02825603043954666,0.43169476007472174,0.03502201845071744,0.46235896682122113,0.4260015218019319,594.32,0.028270139988876373,0.035049512451567164,0.24276081244019349,0.08923330216038701,detector2,a,2,{},{'Err224_CR2': '100%'},2018-01-17 14:45:00.000000000,2018-01-25 06:08:03.600000000,0.000187,1,0.46109938550232865,0.02830148772472792,0.4220542626626819,0.03511205638179196,2.379068573484976,0.14606803057146164,0.02147067470365603,0.06177459295122745,0.8843658286320218,0.07383563218618912,2.8322244922440194,0.1747058061008732,0.025560327028161942,0.07354133946611399,1.052816462657169,0.08812267223196762,11003.05,7.6410069444444435,37.732847432377355,3.3745093350545265,2
42,2,45 21.30,17 57.78,StnX009,"Calm, sunny, clouds",17/01/2018,12,Sampler005,14:45:00,16:55:00,4000a,840,5,/Users/seanselzer/Documents/GitHub/RaDeCC_Reader/Results_Folder_2020-07-09_135502/Read_Files/StnX009/4000a/3-StnX009-4000A-180220-detector2.txt,2018-02-20 11:03:02.000000000,2018-02-20 21:07:53.000000000,0.00482056882112575,0.00047682652004290524,99,0.016450151890660823,206,0.02372935454146867,0.1636769446970323,0.10050378152592121,0.3405803091675622,0.06967330142916177,3.329751177978011,0.06967330142916177,0.0007864741892413036,0.0001267073107562309,0.08215545658618872,0.013792926664076005,0.162890470507791,0.0164506398650147,0.2584248525813735,0.027446804785171235,0.15630063676696598,0.25774736566219636,604.85,0.016465521641010315,0.027448188961508788,0.23199475750736842,0.09891499068600616,detector2,a,3,{},{'Err224_CR2': '55%'},2018-01-17 14:45:00.000000000,2018-02-20 16:05:27.500000000,0.000187,1,0.15504105544807348,0.016519285558184327,0.2538001065229464,0.027528008600918967,0.7999431667310051,0.0852409857112813,0.007219346136431302,0.10677907094187505,0.5318087302235106,0.05780435611692215,0.952313293727387,0.10163556288081696,0.00859445968622774,0.1271179518914126,0.633105631218465,0.0689178188278087,49040.45,34.05586805555556,30.68862249252451,3.0410560942630918,3
43,2,45 21.30,17 57.78,StnX009,"Calm, sunny, clouds",17/01/2018,12,Sampler005,14:45:00,16:55:00,4000a,840,5,/Users/seanselzer/Documents/GitHub/RaDeCC_Reader/Results_Folder_2020-07-09_135502/Read_Files/StnX009/4000a/3-StnX009-4000A-180219-detector2.txt,2018-02-19 10:53:16.000000000,2018-02-19 20:41:23.800000000,-999.0,-999.0,84,0.015583546817730227,203,0.0242256080267543,0.14282556577627395,0.10910894511799618,0.3451617839593287,0.07018624063435963,3.0435447945182186,0.07018624063435963,0.0006398026434157876,0.00010533128843757782,0.06702151176946906,0.011454102554669974,0.14218576313285816,0.015583902787835717,0.27814027218985965,0.026796950378706146,0.13509318619201674,0.27762389707321555,588.13,0.015598876734466827,0.026797918664980734,0.21361496732950833,1.0,detector2,a,3,{},"{'Err224_CR2': '32%', 'Err226_short_read': True}",2018-01-17 14:45:00.000000000,2018-02-19 15:47:19.900000000,0.000187,1,0.13383360487312423,0.01565561713313623,0.27367663793396557,0.026879669362559106,0.6905221161441943,0.08078297806692442,0.006231840433962091,0.11718943544379269,0.5734576998624817,0.05646887206148711,0.822050138266898,0.09629461378867041,0.007418857659478679,0.13951123966020257,0.6826877379315258,0.06734755477619056,47582.316666666666,33.04327546296296,-999.0,-999.0,3
44,2,45 21.30,17 57.78,StnX009,"Calm, sunny, clouds",17/01/2018,12,Sampler005,14:45:00,16:55:00,4000a,840,5,/Users/seanselzer/Documents/GitHub/RaDeCC_Reader/Results_Folder_2020-07-09_135502/Read_Files/StnX009/4000a/4-StnX009-4000A-180513-detector2.txt,2018-05-13 20:43:07.000000000,2018-05-14 06:42:43.000000000,0.005721322655569045,0.0003972911069568784,20,0.007458532279852535,171,0.021809034073752537,0.0333555703802535,0.223606797749979,0.28519012675116745,0.07647191129018725,2.6667778519012675,0.07647191129018725,0.0005379004716543215,9.193449042133148e-05,0.056467940871634516,0.009989105628306813,0.03281766990859918,0.007459098854428146,0.22872218587953294,0.0239878343850288,0.02698525416867109,0.2286946291629579,599.6,0.007484137899798161,0.023987847505980642,0.20393359932122984,0.0694404302771076,detector2,a,4,{},"{'Err224_CR2': '3%', 'Err223_CR10': '5%'}",2018-01-17 14:45:00.000000000,2018-05-14 01:42:55.000000000,0.000187,1,0.025725672849778596,0.007601691426613783,0.22474737002370795,0.024079140521118224,0.1327330760633921,0.039221929794378496,0.0011978926250108453,0.2955808435315098,0.4709320855331297,0.05056539262378029,0.15801556674213346,0.04670224590882841,0.0014260626488224349,0.35188195668751465,0.5606334351584877,0.060289323659776684,167697.91666666666,116.45688657407406,36.422986093513146,2.5385029348172443,4
45,2,45 21.30,17 57.78,StnX009,"Calm, sunny, clouds",17/01/2018,12,Sampler005,14:45:00,16:55:00,4000b,840,5,/Users/seanselzer/Documents/GitHub/RaDeCC_Reader/Results_Folder_2020-07-09_135502/Read_Files/StnX009/4000b/4-StnX009-4000B-180514-detector2.txt,2018-05-14 08:44:13.000000000,2018-05-14 18:45:08.800000000,0.0028650180033730132,0.00042229869086612547,10,0.005262306192349158,81,0.014976785981728323,0.01664087331303147,0.31622776601683794,0.13479107383555491,0.1111111111111111,1.7705889205065484,0.1111111111111111,0.00025194529732753667,6.046646610403953e-05,0.02664816872593534,0.006550162700045977,0.01638892801570393,0.005262653575484463,0.10814290510961957,0.01634652102863382,0.013631283935408633,0.10813603082999826,600.93,0.0052791358331717095,0.01634652341674122,0.19673210227850535,0.14739826778364015,detector2,b,4,{},"{'Err224_CR2': '1%', 'Err223_CR10': '8%'}",2018-01-17 14:45:00.000000000,2018-05-14 13:44:40.900000000,0.000187,1,0.012371702616516137,0.005444508020687987,0.1041887716907483,0.0164802004866338,0.06383250514070951,0.028091452459378382,0.0005760771121397357,0.44014445256289586,0.21831550481006026,0.03456841747007935,0.0759910775484637,0.03344526418481387,0.0006858060858806377,0.5239814911622062,0.25989941048816695,0.04118194549316172,168419.66666666666,116.95810185185185,18.239228440113404,2.6906219108437837,4
46,2,45 21.30,17 57.78,StnX009,"Calm, sunny, clouds",17/01/2018,12,Sampler005,14:45:00,16:55:00,4000b,840,5,/Users/seanselzer/Documents/GitHub/RaDeCC_Reader/Results_Folder_2020-07-09_135502/Read_Files/StnX009/4000b/5-StnX009-4000b-190814-detector1.txt,2019-08-14 16:35:51.000000000,2019-08-15 13:08:22.800000000,0.0027267166322783674,0.00017166146798602313,32,0.004589628041096266,304,0.014146183682476448,0.0259628568878648,0.1767766952966369,0.24664714043471558,0.05735393346764045,2.7926297940009572,0.05735393346764045,0.0006216764482954274,7.748071173275804e-05,0.06514670768710859,0.008424359359881983,0.025341180439569372,0.004590281997471153,0.181500432747607,0.016464639182283775,0.020712919404505394,0.18148399971961682,1232.53,0.004609442635569449,0.016464643497141766,0.16016830340488136,0.06295537495679837,detector1,b,5,{},{'Err224_CR2': '0%'},2018-01-17 14:45:00.000000000,2019-08-15 02:52:06.900000000,0.000186,1,0.020378765966759357,0.004719720938859901,0.17412268500726294,0.01745065300328254,0.1255684748256751,0.029525029304905318,0.10221652286277032,0.31889305631345843,0.39301677780202504,0.09673056504260094,0.14948627955437513,0.035160105320729836,0.12168633674139323,0.3796352818348065,0.46787711643098223,0.1151891064356519,827287.1,574.5049305555556,17.452103381197947,1.1036037455560201,5
47,2,45 21.30,17 57.78,StnX009,"Calm, sunny, clouds",17/01/2018,12,Sampler005,14:45:00,16:55:00,4000b,840,5,/Users/seanselzer/Documents/GitHub/RaDeCC_Reader/Results_Folder_2020-07-09_135502/Read_Files/StnX009/4000b/5-StnX009-4000b-190813-detector1.txt,2019-08-13 17:58:00.000000000,2019-08-14 12:54:45.000000000,0.0030188428985302705,0.0001821800193542889,20,0.003934142032108713,294,0.01508372834790609,0.017594018033868484,0.223606797749979,0.25863206509786674,0.058321184351980436,2.6945238618869585,0.058321184351980436,0.0005713021109295709,7.290967397763088e-05,0.0599309503073951,0.007924179679778185,0.017022715922938914,0.003934817575106119,0.19870111479047164,0.01703852941045193,0.011955837495781888,0.19869369862521477,1136.75,0.0039587326750036,0.01703853079229512,0.15714782288991958,0.060347631684637706,detector1,b,5,{},{'Err223_CR10': '80%'},2018-01-17 14:45:00.000000000,2019-08-14 03:26:22.500000000,0.000186,1,0.01162168405803585,0.00408660846206831,0.1913323839128609,0.017993119137964666,0.07160969140397297,0.025351910156655666,0.058292446959732167,0.4157858763853435,0.4318612305540545,0.1049060191871292,0.08524963262377735,0.030185110968167346,0.06939577019015734,0.4949833585292312,0.5141205125643507,0.124925606315983,825881.3666666667,573.5287268518518,19.32183114778719,1.1716850633946279,5
48,2,45 21.30,17 57.78,StnX009,"Calm, sunny, clouds",17/01/2018,12,Sampler005,14:45:00,16:55:00,4000b,840,5,/Users/seanselzer/Documents/GitHub/RaDeCC_Reader/Results_Folder_2020-07-09_135502/Read_Files/StnX009/4000b/1-StnX009-4000B-180118-detector2.txt,2018-01-18 17:52:30.000000000,2018-01-19 04:06:16.800000000,0.004148836296372561,0.0004802402598348262,201,0.023098580727227713,179,0.021797856170386216,0.3274789012349702,0.07053456158585983,0.29163543940825704,0.07474350927519359,2.9896705660008474,0.07474350927519359,0.0005484283801936679,0.00010209232615530236,0.05755985694800555,0.011093788668688046,0.32693047285477655,0.02309880634265146,0.23407558246025148,0.0244585093709808,0.32096154550204015,0.23135360235963898,613.78,0.02310722497731842,0.02447095719755471,0.2234584696796576,0.11575300289739393,detector2,b,1,{},{'Err224_CR2': '100%'},2018-01-17 14:45:00.000000000,2018-01-18 22:59:23.400000000,0.000187,1,0.31970196418314767,0.023145566283732755,0.22740634322038902,0.024560454524094836,1.6495205150641106,0.11944732148071693,0.014886632016692615,0.0727344276189574,0.47650365592684607,0.05157430014075027,1.9637148988858462,0.1426787925084228,0.017722180972253115,0.08658866856593792,0.5672662570557692,0.061490753989537954,1934.3833333333332,1.3433217592592592,26.412250422539863,3.0613368940707066,1
49,2,45 21.30,17 57.78,StnX009,"Calm, sunny, clouds",17/01/2018,12,Sampler005,14:45:00,16:55:00,4000b,840,5,/Users/seanselzer/Documents/GitHub/RaDeCC_Reader/Results_Folder_2020-07-09_135502/Read_Files/StnX009/4000b/2-StnX009-4000b-180127-detector1.txt,2018-01-27 13:04:42.000000000,2018-01-27 22:47:19.800000000,-999.0,-999.0,120,0.018801728627264855,139,0.020235528761909954,0.20596261778487204,0.09128709291752769,0.23857336560081013,0.08481889296799709,2.7667644989101143,0.08481889296799709,0.0005257719399422077,0.00010464557804758863,0.055209544570454336,0.011369042034424896,0.20543684584492983,0.018802019840174503,0.1833638210303558,0.02321059544808373,0.20076106840865576,0.18228693073812885,582.63,0.018811333296312,0.023214004415663816,0.2346739019007111,1.0,detector1,b,2,{},"{'Err224_CR2': '100%', 'Err226_short_read': True}",2018-01-17 14:45:00.000000000,2018-01-27 17:56:00.900000000,0.000186,1,0.20042691497090973,0.018838658782276505,0.17492561602577497,0.02392343632849304,1.234976743339799,0.12615643170102497,1.0053082885320737,0.23559738908191166,0.3948290939955166,0.10387678805958626,1.4702104087378558,0.15044097701339712,1.196795581585802,0.28056353674138157,0.4700346357089483,0.12369448874939704,14591.0,10.13263888888889,-999.0,-999.0,2
50,2,45 21.30,17 57.78,StnX009,"Calm, sunny, clouds",17/01/2018,12,Sampler005,14:45:00,16:55:00,4000filt,840,5,/Users/seanselzer/Documents/GitHub/RaDeCC_Reader/Results_Folder_2020-07-09_135502/Read_Files/StnX009/4000filt/1-StnX009-4000filt-180119-detector2.txt,2018-01-19 19:17:41.000000000,2018-01-20 04:55:11.000000000,-999.0,-999.0,0,0.0,29,0.009324960704994811,0.0,0.0,0.050216450216450215,0.18569533817705186,0.5333333333333333,0.18569533817705186,2.1918632502801303e-05,8.983275125028301e-06,0.002345350009389264,0.0009681767780615484,-2.1918632502801303e-05,8.983275125028301e-06,0.04787110020706095,0.009375087115503245,-0.0012426316877828555,0.04787110019476203,577.5,0.00023923344304613116,0.009375087115503245,0.09903751369442766,1.0,detector2,t,1,{},"{'Err223_CR10': '100%', 'Err226_short_read': True}",2018-01-17 14:45:00.000000000,2018-01-20 00:06:26.000000000,0.000187,1,-0.0025022130066753518,0.0013530059432722253,0.04392384105551207,0.009606270800308037,-0.012910310695516247,0.006980918102458783,-0.00011651327933793627,-0.5407347969890586,0.09203732204170394,0.02014095643924507,-0.015369417494662198,0.008311120312256259,-0.0001387062849261146,0.6437319011779802,0.10956824052583802,0.02398619738063899,3441.4333333333334,2.3898842592592593,-999.0,-999.0,1
51,2,46 21.30,18 57.78,StnX009,"Calm, sunny, clouds",17/01/2018,12,Sampler006,14:45:00,16:55:00,4100a,535,5,/Users/seanselzer/Documents/GitHub/RaDeCC_Reader/Results_Folder_2020-07-09_135502/Read_Files/StnX009/4100a/5-StnX009-4100A-190815-detector1.txt,2019-08-15 21:42:42.000000000,2019-08-16 08:13:19.200000000,-0.01681715088102446,0.01204266465816348,0,0.0,3,0.002746584008703938,0.0,0.0,0.00475722305033142,0.5773502691896257,0.07452982778852557,0.5773502691896257,4.533795111251356e-07,5.599613630146136e-07,4.871615424927072e-05,6.023127384206315e-05,-4.533795111251356e-07,5.599613630146136e-07,0.00470850689608215,0.002747244350839006,-0.00012052030536121996,0.0047085068960768875,630.62,7.005696885178387e-05,0.002747244350839006,0.043029816136361684,-0.7160942268616829,detector1,a,5,{},{'Err223_CR10': '1%'},2018-01-17 14:45:00.000000000,2019-08-16 02:58:00.600000000,0.000186,1,-0.0004546737431072579,0.0010167164348980785,-0.002652807816276989,0.006402199331184415,-0.0028015773162312877,0.006264803430461747,-0.002280568368724188,-2.236875714541414,-0.00598772055483592,0.014631228128852815,-0.0052365931144510046,0.011710015223260576,-0.004262744614437735,4.181076102136367,-0.011192001037076486,0.027348289987805502,828733.0,575.5090277777778,-168.99960688397607,121.02994905316712,5
52,2,46 21.30,18 57.78,StnX009,"Calm, sunny, clouds",17/01/2018,12,Sampler006,14:45:00,16:55:00,4100a,535,5,/Users/seanselzer/Documents/GitHub/RaDeCC_Reader/Results_Folder_2020-07-09_135502/Read_Files/StnX009/4100a/4-StnX009-4100A-180513-detector2.txt,2018-05-13 20:45:23.000000000,2018-05-14 06:42:45.800000000,0.00514633466267162,0.00046075621501985,20,0.00748624988282095,143,0.020017845831968594,0.03347952726907496,0.223606797749979,0.23937861997388596,0.08362420100070908,2.405504034283036,0.08362420100070908,0.0004417054678468016,8.209608070771468e-05,0.04647288690628518,0.008912358771863903,0.033037821801228155,0.007486700012322135,0.19290573306760078,0.021912195020829882,0.028118725608004335,0.19287780548992628,597.38,0.007507522287645038,0.021912209686141475,0.2011583528709012,0.08953094682355099,detector2,a,4,{},{'Err223_CR10': '8%'},2018-01-17 14:45:00.000000000,2018-05-14 01:44:04.400000000,0.000187,1,0.02685914428911184,0.007624715295782869,0.18893054635067633,0.022012112883478683,0.1385812865903326,0.03934076973073335,0.0012506716946105508,0.28397150721713027,0.3958820795297942,0.046209703876171515,0.2590304422249207,0.07357398701460417,0.0023377041020757956,0.5307878644068883,0.7399665037940079,0.08664968767688773,167699.06666666668,116.4576851851852,51.44019853737438,4.630513501890959,4
53,2,46 21.30,18 57.78,StnX009,"Calm, sunny, clouds",17/01/2018,12,Sampler006,14:45:00,16:55:00,4100a,535,5,/Users/seanselzer/Documents/GitHub/RaDeCC_Reader/Results_Folder_2020-07-09_135502/Read_Files/StnX009/4100a/3-StnX009-4100A-180219-detector2.txt,2018-02-19 10:56:55.000000000,2018-02-19 20:41:20.800000000,-999.0,-999.0,62,0.013472970028937275,143,0.020461408112351177,0.10608627209417724,0.1270001270001905,0.24468285337850557,0.08362420100070908,2.397207535547457,0.08362420100070908,0.0004059983158061271,7.85708591078053e-05,0.04275403669099568,0.008526647858820773,0.10568027377837112,0.013473199129402898,0.2019288166875099,0.02216693360951224,0.10053108895283962,0.2016433903117042,584.43,0.013485051354683489,0.022167415958635212,0.20046456479303498,1.0,detector2,a,3,{},"{'Err223_CR10': '3%', 'Err224_CR2': '67%', 'Err226_short_read': True}",2018-01-17 14:45:00.000000000,2018-02-19 15:49:07.900000000,0.000187,1,0.09927150763394713,0.013550645832605518,0.19769613117245424,0.022266174133620958,0.5121970045505618,0.06991976293203442,0.004622487721227339,0.13668308184948505,0.41424934736746444,0.04674896540491697,0.9573775785991809,0.1309970705360539,0.008640163964910914,0.25548240874136696,0.7742978455466625,0.08768037212376753,47584.11666666667,33.044525462962966,-999.0,-999.0,3
54,2,46 21.30,18 57.78,StnX009,"Calm, sunny, clouds",17/01/2018,12,Sampler006,14:45:00,16:55:00,4100a,535,5,/Users/seanselzer/Documents/GitHub/RaDeCC_Reader/Results_Folder_2020-07-09_135502/Read_Files/StnX009/4100a/2-StnX009-4100A-180125-detector2.txt,2018-01-25 13:20:55.000000000,2018-01-26 00:16:46.000000000,0.004147109200115963,0.0004650825310614772,267,0.024914438725879683,238,0.023522525913763075,0.4071052832202485,0.06119900613621045,0.3628878554547534,0.06482037235521644,3.7981245711671874,0.06482037235521644,0.0009071247253922972,0.00014472700215976438,0.09455917585071273,0.01576645170854936,0.40619815849485624,0.024914859079087068,0.26832867960404067,0.02831766630288722,0.3993557771649532,0.2641320325633431,655.85,0.024925321102233982,0.028337060471791835,0.24619584895455385,0.11214619838042181,detector2,a,2,{},{'Err224_CR2': '98%'},2018-01-17 14:45:00.000000000,2018-01-25 18:48:50.500000000,0.000187,1,0.3980961958460607,0.024960869866487604,0.26018477342409313,0.028414383267063234,2.0540000237248206,0.12882500409636016,0.018536988316438664,0.06308893819976336,0.5451870602964018,0.05966378632232855,3.8392523807940573,0.24345303348780356,0.034648576292408716,0.11792369357512802,1.019041234198882,0.11192701482924315,11763.833333333334,8.169328703703703,41.45243840387789,4.664847846033133,2
55,2,46 21.30,18 57.78,StnX009,"Calm, sunny, clouds",17/01/2018,12,Sampler006,14:45:00,16:55:00,4100a,535,5,/Users/seanselzer/Documents/GitHub/RaDeCC_Reader/Results_Folder_2020-07-09_135502/Read_Files/StnX009/4100a/1-StnX009-4100A-180118-detector2.txt,2018-01-18 05:59:08.000000000,2018-01-18 15:24:29.000000000,-999.0,-999.0,300,0.030636787964426947,250,0.02796743309603236,0.5306447333510215,0.05773502691896258,0.44220394445918454,0.06324555320336758,4.0470504996904575,0.06324555320336758,0.0009358301863426878,0.00015335449572454322,0.09750465840151609,0.016709165694383733,0.5297089031646788,0.030637171775126613,0.3446992860576684,0.032578728216175294,0.5209190713702082,0.3375765110495081,565.35,0.030648433116848194,0.03262236577964379,0.25595794769488817,1.0,detector2,a,1,{},"{'Err224_CR2': '100%', 'Err226_short_read': True}",2018-01-17 14:45:00.000000000,2018-01-18 10:41:48.500000000,0.000187,1,0.5196594900513157,0.030677350683528316,0.3336292519102581,0.032689553825747605,2.6812127722691796,0.1583341086566349,0.024197472862394938,0.05944525554860072,0.6990814592419122,0.0686742341205335,5.011612658447064,0.29963495127692097,0.04522892123812138,0.11111343121932654,1.3066943163400229,0.12894265795951929,1196.8,0.8311111111111111,-999.0,-999.0,1
56,2,46 21.30,18 57.78,StnX009,"Calm, sunny, clouds",17/01/2018,12,Sampler006,14:45:00,16:55:00,4100a,535,5,/Users/seanselzer/Documents/GitHub/RaDeCC_Reader/Results_Folder_2020-07-09_135502/Read_Files/StnX009/4100a/4-StnX009-4100A-180525-detector2.txt,2018-05-13 20:45:23.000000000,2018-05-14 06:42:45.800000000,0.00514633466267162,0.00046075621501985,20,0.00748624988282095,143,0.020017845831968594,0.03347952726907496,0.223606797749979,0.23937861997388596,0.08362420100070908,2.405504034283036,0.08362420100070908,0.0004417054678468016,8.209608070771468e-05,0.04647288690628518,0.008912358771863903,0.033037821801228155,0.007486700012322135,0.19290573306760078,0.021912195020829882,0.028118725608004335,0.19287780548992628,597.38,0.007507522287645038,0.021912209686141475,0.2011583528709012,0.08953094682355099,detector2,a,4,{},{'Err223_CR10': '8%'},2018-01-17 14:45:00.000000000,2018-05-14 01:44:04.400000000,0.000187,1,0.02685914428911184,0.007624715295782869,0.18893054635067633,0.022012112883478683,0.1385812865903326,0.03934076973073335,0.0012506716946105508,0.28397150721713027,0.3958820795297942,0.046209703876171515,0.2590304422249207,0.07357398701460417,0.0023377041020757956,0.5307878644068883,0.7399665037940079,0.08664968767688773,167699.06666666668,116.4576851851852,51.44019853737438,4.630513501890959,4
57,2,46 21.30,18 57.78,StnX009,"Calm, sunny, clouds",17/01/2018,12,Sampler006,14:45:00,16:55:00,4100b,535,5,/Users/seanselzer/Documents/GitHub/RaDeCC_Reader/Results_Folder_2020-07-09_135502/Read_Files/StnX009/4100b/5-StnX009-4100b-190813-detector2.txt,2019-08-13 17:58:02.000000000,2019-08-14 12:54:47.000000000,0.011062674843722111,0.00031569884837609485,88,0.008252325946467439,1227,0.03081465562021024,0.07741367934902134,0.10660035817780522,1.0793930063778316,0.028548133476995915,7.962172861227183,0.028548133476995915,0.004962484561418992,0.0003156317383860985,0.49694930793825276,0.03474636802135834,0.07245119478760234,0.008258359820267966,0.5824436984395789,0.04644193247128965,0.05759888047739308,0.5823094751377668,1136.75,0.008342841281234671,0.04644197305028885,0.22730517360922808,0.028537297971407777,detector2,b,5,{},{'Err223_CR10': '32%'},2018-01-17 14:45:00.000000000,2019-08-14 03:26:24.500000000,0.000187,1,0.05633929915850058,0.00844845507096603,0.5783622159985168,0.04648919273411113,0.29068582673155696,0.04359261977716765,0.0026233883698333817,0.15012576841002429,1.2118910425737686,0.09778295391441341,0.5433379938907607,0.08163960698729218,0.004903529663239966,0.28060891665806087,2.2652169020070443,0.183993854178889,825881.4,573.5287500000001,110.5769887922646,3.320480322821917,5
58,2,46 21.30,18 57.78,StnX009,"Calm, sunny, clouds",17/01/2018,12,Sampler006,14:45:00,16:55:00,4100b,535,5,/Users/seanselzer/Documents/GitHub/RaDeCC_Reader/Results_Folder_2020-07-09_135502/Read_Files/StnX009/4100b/4-StnX009-4100B-180525-detector2.txt,2018-05-14 08:46:34.000000000,2018-05-14 18:45:07.000000000,0.010185438066484332,0.0005797727269636679,41,0.010697726568261382,338,0.03071552303207791,0.06849887227466378,0.15617376188860607,0.5646980202155208,0.05439282932204211,4.544315428953304,0.05439282932204211,0.0015413563585728951,0.0001895039626155421,0.15919477855583272,0.02070834908126535,0.06695751591609088,0.010699404912476788,0.4055032416596881,0.03704428534613203,0.056617183253768834,0.40538859177762504,598.55,0.010741023691940415,0.037044358257557454,0.24717817351257965,0.0569217271932012,detector2,b,4,{},{'Err224_CR2': '1%'},2018-01-17 14:45:00.000000000,2018-05-14 13:45:50.500000000,0.000187,1,0.055357601934876335,0.01082326117180416,0.40144133263837506,0.03710353970957274,0.28562070392542366,0.05584499358620024,0.002577676528940434,0.1956451618707684,0.8411738209824049,0.07797109954664158,0.5338704746269601,0.10450234353912706,0.00481808696998212,0.3656918941195062,1.5722875158549623,0.14647927519057108,168420.83333333334,116.95891203703704,101.80856680977891,5.872710404254149,4
59,2,46 21.30,18 57.78,StnX009,"Calm, sunny, clouds",17/01/2018,12,Sampler006,14:45:00,16:55:00,4100b,535,5,/Users/seanselzer/Documents/GitHub/RaDeCC_Reader/Results_Folder_2020-07-09_135502/Read_Files/StnX009/4100b/5-StnX009-4100b-190814-detector2.txt,2019-08-14 16:35:50.000000000,2019-08-15 13:08:21.800000000,0.010447535805967143,0.00027435161433507314,95,0.007907957084053908,1333,0.02962221814240414,0.07707723138584863,0.1025978352085154,1.081515257235118,0.027389551783238836,7.9803331359074425,0.027389551783238836,0.0049881553291838115,0.00030431271496579425,0.49943136716778874,0.03350126158474364,0.07208907605666481,0.0079138101741025,0.5820838900673293,0.04471923898553728,0.057245936859947916,0.5819510043679463,1232.53,0.007995546769443085,0.04471927729798203,0.21857774767343366,0.026259935302483134,detector2,b,5,{},{'Err223_CR10': '38%'},2018-01-17 14:45:00.000000000,2019-08-15 02:52:05.900000000,0.000187,1,0.05598635554105542,0.00810568692860821,0.5780037452286964,0.04476831404374513,0.2888647940108971,0.041824156974596884,0.002606953870380208,0.1449548458923355,1.2111399085906815,0.09419075441393188,0.5399341944128918,0.07833868366266138,0.004872810972673286,0.27094364100914836,2.2638129132536102,0.17732417245106852,827287.0833333334,574.5049189814815,104.42836529528856,2.9107766831531494,5
60,2,46 21.30,18 57.78,StnX009,"Calm, sunny, clouds",17/01/2018,12,Sampler006,14:45:00,16:55:00,4100b,535,5,/Users/seanselzer/Documents/GitHub/RaDeCC_Reader/Results_Folder_2020-07-09_135502/Read_Files/StnX009/4100b/1-StnX009-4100B-180118-detector2.txt,2018-01-18 17:54:38.000000000,2018-01-19 04:06:20.000000000,0.014756680089544361,0.0009765763343021088,1070,0.05347532200031428,930,0.04985434259269872,1.7492234755599148,0.03057089202578715,1.5203531142717017,0.032791291789197645,10.699689390223964,0.032791291789197645,0.005995958243271418,0.0005430697494405868,0.5963772658328163,0.05984166493899177,1.7432275173166434,0.05347807950730892,0.9239758484388855,0.0778876135083155,1.7196661331814518,0.8482924235658538,611.7,0.05351494853431004,0.07853094508052524,0.35085663684861623,0.0661785935844776,detector2,b,1,{},"{'Err224_CR2': '100%', 'Err226_cpm<10': True}",2018-01-17 14:45:00.000000000,2018-01-18 23:00:29.000000000,0.000187,1,1.7184065518625593,0.05353151510159329,0.8443451644266038,0.0785588792913064,8.866216595697999,0.2765270721304425,0.08001604262273716,0.03192255163702017,1.7692275070951402,0.16507622142508405,16.57236746859439,0.5395796013978807,0.1495626964910975,0.05968469070214646,3.3069673029815703,0.31009768125969867,1935.4833333333333,1.3440856481481482,147.50042570387686,9.858227252213895,1
61,2,46 21.30,18 57.78,StnX009,"Calm, sunny, clouds",17/01/2018,12,Sampler006,14:45:00,16:55:00,4100b,535,5,/Users/seanselzer/Documents/GitHub/RaDeCC_Reader/Results_Folder_2020-07-09_135502/Read_Files/StnX009/4100b/2-StnX009-4100b-180127-detector2.txt,2018-01-28 00:49:29.000000000,2018-01-28 10:56:29.000000000,0.011570017537830797,0.0008703815319415098,597,0.04025302050369231,626,0.04121909720987414,0.9835255354200988,0.0409272754535029,1.031301482701812,0.039968038348871575,7.813838550247117,0.039968038348871575,0.003526376524331426,0.00036685836624926314,0.356987068784203,0.04030313798141291,0.9799991588957674,0.040254692207636625,0.6743144139176092,0.057648563780426154,0.9628041413408683,0.6501077758795095,607.0,0.04028152501531753,0.057797962423144965,0.31230379882816783,0.07522733039043371,detector2,b,2,{},{'Err224_CR2': '100%'},2018-01-17 14:45:00.000000000,2018-01-28 05:52:59.000000000,0.000187,1,0.9615445600219759,0.04030353148300916,0.6461605167402595,0.057835911340039015,4.961143989080784,0.2080850362945382,0.044773450389249424,0.04249199885788741,1.3539545299486961,0.1215595229893804,9.273166334730437,0.39848245925572134,0.08368869231635406,0.07942814791809527,2.5307561307452264,0.22844177254211015,15307.983333333334,10.630543981481482,115.64813371813482,8.766780833025363,2
62,2,46 21.30,18 57.78,StnX009,"Calm, sunny, clouds",17/01/2018,12,Sampler006,14:45:00,16:55:00,4100b,535,5,/Users/seanselzer/Documents/GitHub/RaDeCC_Reader/Results_Folder_2020-07-09_135502/Read_Files/StnX009/4100b/4-StnX009-4100B-180514-detector2.txt,2018-05-14 08:46:34.000000000,2018-05-14 18:45:07.000000000,0.010185438066484332,0.0005797727269636679,41,0.010697726568261382,338,0.03071552303207791,0.06849887227466378,0.15617376188860607,0.5646980202155208,0.05439282932204211,4.544315428953304,0.05439282932204211,0.0015413563585728951,0.0001895039626155421,0.15919477855583272,0.02070834908126535,0.06695751591609088,0.010699404912476788,0.4055032416596881,0.03704428534613203,0.056617183253768834,0.40538859177762504,598.55,0.010741023691940415,0.037044358257557454,0.24717817351257965,0.0569217271932012,detector2,b,4,{},{'Err224_CR2': '1%'},2018-01-17 14:45:00.000000000,2018-05-14 13:45:50.500000000,0.000187,1,0.055357601934876335,0.01082326117180416,0.40144133263837506,0.03710353970957274,0.28562070392542366,0.05584499358620024,0.002577676528940434,0.1956451618707684,0.8411738209824049,0.07797109954664158,0.5338704746269601,0.10450234353912706,0.00481808696998212,0.3656918941195062,1.5722875158549623,0.14647927519057108,168420.83333333334,116.95891203703704,101.80856680977891,5.872710404254149,4
