,Station,Latitude,Longitude,sample_name,Weather,Date,Event No.,Sampler_used,Sampling_Start_Time,Sampling_End_Time,Sample_Depth,Volume_sampled,Volume_error,Filepath,Read_Start_Time,Read_End_Time,Slope,stderr_slope,cnt219,cnt219_abserr,cnt220,cnt220_abserr,cpm_219,err_219,cpm_220,err_220,cpm_Tot,err_Tot,y219cc,y219cc_err,y220cc,y220cc_err,corr219,corr219_err,corr220,corr220_err,final219,final220,Read_Runtime,final219_err,final220_err,cntTot_abserr,errslope_abs,Detector_Name,Cartridge_Type,Read_Number,Spike_Value,Mid_Sample_Datetime,Mid_Read_Datetime,blankcorr223,blankcorr223_err,blankcorr224,blankcorr224_err,dpm223,dpm223_err,dpm223_thstdonly,dpm223_thstdonly_err,dpm224,dpm224_err,vdpm223 (dpm/m^3),vdpm223_err (dpm/m^3),vdpm223_thstdonly (dpm/m^3),vdpm223_thstdonly_err (dpm/m^3),vdpm224 (dpm/m^3),vdpm224_err (dpm/m^3),t1_(mins),sampling_to_read_time_(days),vdpm226 (dpm/m^3),vdpm226_err (dpm/m^3)
0,1,41 22.97,13 53.26,StnX001,"Calm, sunny, clouds",12/24/17,11,Sampler001,16:50:00,18:20:00,300,900,1,/Users/seanselzer/Documents/GitHub/RaDeCC_Reader/Example_Output_Folder/StnX_folder/StnX001/300/1-StnX001-300-171220-detector1.txt,2017-12-20 20:41:48.000,2017-12-21 13:32:51.000,0.00012841528925939364,7.615802619471855e-05,0,0.0,13,0.0035661453691350473,0.0,0.0,0.012857919984174869,0.2773500981126146,0.4253004302457841,0.2773500981126146,1.5820727495265778e-05,9.053653790439267e-06,0.0017081333106138876,0.0009795108534794194,-1.5820727495265778e-05,9.053653790439267e-06,0.011149786673560981,0.0036982204241888185,-0.0003001402876710708,0.011149786667153418,1011.05,9.473821907952653e-05,0.0036982204241888185,0.11795711605600542,0.5930604263241774,detector1,0,1,0,2017-12-24 16:50:00,2017-12-21 05:07:19.500000000,-0.0005621081478939285,0.0010938303254016018,0.0009415763566382792,0.011094464590782976,-0.0034860944372248964,-1.9460365476760944,-0.004837323626835314,-1.9768079545991093,0.0036463077578140837,14.084902590738041,-0.003873438263583218,2.1622628307554996,0.0,2.1964532828960177,0.00405145306423787,15.649891767487361,-5022.683333333333,-3.487974537037037,0.7671164232938689,0.45494719148749563
1,1,41 22.97,13 53.26,StnX001,"Calm, sunny, clouds",12/24/17,11,Sampler001,16:50:00,18:20:00,400,900,1,/Users/seanselzer/Documents/GitHub/RaDeCC_Reader/Example_Output_Folder/StnX_folder/StnX001/400/4-StnX001-400-171220-detector1.txt,2017-11-28 19:07:19.000,2017-11-29 09:28:11.800,0.004527146277886485,0.0002616847320463994,41,0.007437882442887335,1118,0.038839916126058194,0.04762568534522814,0.15617376188860607,1.29867112721866,0.02990743022772896,4.892667967660998,0.02990743022772896,0.0011700234867741653,0.00010003325631623166,0.13039165576577919,0.011351139979377364,0.04645566185845397,0.007438555094007229,1.1682794714528808,0.040464644611199224,0.016664535336405512,1.1682242643976866,860.88,0.007509781160908,0.0404646601235946,0.14632712587026575,0.05780346292865268,detector1,0,4,0,2017-12-24 16:50:00,2017-11-29 02:17:45.400000000,0.016402567476182656,0.0075884321526480366,1.1580160540871713,0.04179472489643014,0.10172579680470416,0.4640616820397401,0.14115526965866254,0.8076969164440172,4.484482742076156,0.6584003181099498,0.11302866311633795,0.5156241064495439,0.15683918850962505,0.897441035190658,4.98275860230684,0.73157685837973,-36872.25,-25.605729166666666,27.04388457518808,1.5635189548195605
2,2,41 21.30,13 57.78,StnX009,"Calm, sunny, clouds",17/01/2018,12,Sampler001,15:10:00,16:40:00,3200a,849,5,/Users/seanselzer/Documents/GitHub/RaDeCC_Reader/Example_Output_Folder/StnX_folder/StnX009/3200a/1-StnX009-3200A-180118-detector1.txt,2018-01-18 06:01:20.000,2018-01-18 15:21:54.800,0.006006346631989049,0.0007486155094723645,53,0.012986745672839767,236,0.027404280380565155,0.09454493560241178,0.137360563948689,0.42099254343715437,0.06509445549041193,3.373291947625673,0.06509445549041193,0.0007597106452370061,0.00011787227522439065,0.08407012374531626,0.013233934578135285,0.09378522495717478,0.012987280586954645,0.3369224196918381,0.030432410479536334,0.08519370325503291,0.33669758795460014,560.58,0.013010444808772973,0.030432667412499947,0.21958260254088435,0.12463741361268299,detector1,a,1,0,2018-01-17 15:10:00,2018-01-18 10:41:37.400000000,0.08493173539481005,0.013056001055941341,0.326489377644085,0.03218008011317073,0.5267314686916358,0.1578543986973718,0.7308954546073702,0.6715079545000904,1.2643486023777255,0.6792305311142078,0.6204139796132342,0.18596569594979206,0.8608898169698118,0.7909561253050896,1.4892209686427862,0.800084033062739,1171.6166666666666,0.8136226851851851,38.03555499822087,4.745942446148822
3,2,41 21.30,13 57.78,StnX009,"Calm, sunny, clouds",17/01/2018,12,Sampler001,15:10:00,16:40:00,3200a,849,5,/Users/seanselzer/Documents/GitHub/RaDeCC_Reader/Example_Output_Folder/StnX_folder/StnX009/3200a/4-StnX009-3200A-180513-detector1.txt,2018-05-13 20:47:33.000,2018-05-14 06:38:10.200,0.0073520868540107925,0.0005086744421881628,34,0.009872594722233079,241,0.02628453946066849,0.05756662490264468,0.17149858514250885,0.40804578239815786,0.06441566264008308,3.401510277335681,0.06441566264008308,0.0008018320872364913,0.00012067902348527328,0.08880210205554841,0.01356535557179926,0.05676479281540819,0.009873332263029225,0.31924368034260947,0.029578639022929776,0.04862407896667165,0.31916126580690773,590.62,0.009902100334087569,0.029578694877431436,0.21911053849163067,0.06918776291532315,detector1,a,4,0,2018-01-17 15:10:00,2018-05-14 01:42:51.600000000,0.04836211110644879,0.009961881372358886,0.30895305549639257,0.03137370715905977,0.2999331839118935,0.20910050268882338,0.4161889194728503,0.6868124326885134,1.1964382018670823,0.6808135890671504,0.353278190708944,0.246299132403507,0.49021074142856336,0.8089715032496853,1.4092322754618165,0.8019435225373873,167672.85,116.43947916666667,46.557536722588196,3.232860334068854
4,2,41 21.30,13 57.78,StnX009,"Calm, sunny, clouds",17/01/2018,12,Sampler001,15:10:00,16:40:00,3200a,849,5,/Users/seanselzer/Documents/GitHub/RaDeCC_Reader/Example_Output_Folder/StnX_folder/StnX009/3200a/3-StnX009-3200A-180219-detector1.txt,2018-02-19 23:11:46.000,2018-02-20 09:02:23.200,0.0012613638793220485,0.0005048935923283931,33,0.009726325973617602,138,0.019889844780858642,0.055873488876096306,0.17407765595569782,0.23365277166367546,0.08512565307587486,2.3551522129287865,0.08512565307587486,0.0003968896272648524,7.751782000986956e-05,0.0435680588830711,0.008598335101663617,0.05547659924883145,0.009726634873248173,0.19008471278060435,0.02166880919495002,0.05062943907292604,0.19000599473431257,590.62,0.009742317105368884,0.021668879863947988,0.20048387021865482,0.40027592402579404,detector1,a,3,0,2018-01-17 15:10:00,2018-02-20 04:07:04.600000000,0.05036747121270318,0.009803072581194987,0.17979778442379743,0.02406139365889808,0.3123700694778458,0.19792367200904526,0.43344640961712744,0.6833582407797301,0.69627710122519,0.7015470215574706,0.36792705474422355,0.23313571404719236,0.510537584943613,0.8049034258562737,0.8201143712899764,0.8263356954801241,48297.066666666666,33.53962962962963,7.9876634074372665,3.1976153952943966
5,2,41 21.30,13 57.78,StnX009,"Calm, sunny, clouds",17/01/2018,12,Sampler001,15:10:00,16:40:00,3200a,849,5,/Users/seanselzer/Documents/GitHub/RaDeCC_Reader/Example_Output_Folder/StnX_folder/StnX009/3200a/3-StnX009-3200A-180220-detector1.txt,2018-02-20 11:09:27.000,2018-02-20 21:00:03.000,0.001555974250882665,0.0006139777678300744,14,0.006335349452715783,126,0.01900604835814735,0.023704707077548254,0.2672612419124244,0.2133423636979343,0.0890870806374748,2.224856078564172,0.0890870806374748,0.000367546719563698,7.36770025391086e-05,0.04031523641543588,0.008162633476010027,0.023337160357984558,0.006335777851908108,0.17302712728249842,0.0206847397724969,0.018924968612280848,0.17301319013638153,590.6,0.006357695805241906,0.02068474532109655,0.19820593287782234,0.3945937842363267,detector1,a,3,0,2018-01-17 15:10:00,2018-02-20 16:04:45.000000000,0.01866300075205799,0.006450409708119659,0.1628049798258664,0.023179063813037738,0.11574460065636805,0.3475232079242321,0.16060783823153416,0.7457418183085891,0.6304715032026624,0.7070100007302186,0.1363305072513169,0.4093331877978236,0.1891729543363182,0.8783774065419653,0.7426048329831124,0.8327676685033464,49014.75,34.038020833333334,9.853301486142236,3.8884845346810666
6,2,41 21.30,13 57.78,StnX009,"Calm, sunny, clouds",17/01/2018,12,Sampler001,15:10:00,16:40:00,3200b,849,5,/Users/seanselzer/Documents/GitHub/RaDeCC_Reader/Example_Output_Folder/StnX_folder/StnX009/3200b/3-StnX009-3200B-180219-detector2.txt,2018-02-19 23:07:15.000,2018-02-20 08:57:51.000,0.0017267492370599603,0.00036089271677979917,7,0.004479768559201813,49,0.011852353538774127,0.011852353538774127,0.37796447300922725,0.0829664747714189,0.14285714285714285,1.0904165255672198,0.14285714285714285,9.219151012079698e-05,2.8945663101466868e-05,0.010011825249472084,0.00315910389886884,0.01176016202865333,0.004479862073259116,0.07295464952194682,0.012266141278003441,0.009899818465843688,0.07295110967189411,590.6,0.004490768269927173,0.012266142465148731,0.15577378936674569,0.20900123135092336,detector2,b,3,0,2018-01-17 15:10:00,2018-02-20 04:02:33.000000000,0.008629666197166479,0.004687279736472408,0.0689867397635288,0.012439718084852915,0.044401893772555746,0.5432025521777787,0.04060590503739936,0.5431818016247957,0.1460741380783464,0.18037910815601113,0.05229905037992432,0.6398146232262555,0.04782792112767887,0.6397901699248989,0.17205434402632086,0.21246308547302453,48292.55,33.53649305555556,10.934744462555317,2.286282184493729
7,2,41 21.30,13 57.78,StnX009,"Calm, sunny, clouds",17/01/2018,12,Sampler001,15:10:00,16:40:00,3200b,849,5,/Users/seanselzer/Documents/GitHub/RaDeCC_Reader/Example_Output_Folder/StnX_folder/StnX009/3200b/3-StnX009-3200B-180220-detector2.txt,2018-02-20 11:05:08.000,2018-02-20 21:05:45.800,0.0015652979596858382,0.0003472623710741684,2,0.0023545503261127405,50,0.0117727516305637,0.003329837004478631,0.7071067811865476,0.08324592511196577,0.1414213562373095,0.9090455022226662,0.1414213562373095,6.291526439411424e-05,1.9754632237200728e-05,0.006820662620028432,0.0021504034026882447,0.0032669217400845166,0.0023546331951479066,0.07642526249193733,0.011967535909669686,0.0013180775465401148,0.07642498928311017,600.63,0.002374326753925916,0.011967535935597663,0.12855844780575562,0.22185065081402483,detector2,b,3,0,2018-01-17 15:10:00,2018-02-20 16:05:26.900000000,4.792527786290617e-05,0.0027278231629210377,0.07246061937474486,0.01214537983865112,0.0002465881122247451,56.91849411104411,0.00022550690111642144,56.91838029161807,0.1534298121069457,0.16767632922383233,0.000290445361866602,67.04180696236058,0.00026561472451875316,67.04167289943237,0.18071827103291602,0.1975014886795287,49015.433333333334,34.03849537037037,9.91234443865546,2.1998347652771475
8,2,41 21.30,13 57.78,StnX009,"Calm, sunny, clouds",17/01/2018,12,Sampler001,15:10:00,16:40:00,3200b,849,5,/Users/seanselzer/Documents/GitHub/RaDeCC_Reader/Example_Output_Folder/StnX_folder/StnX009/3200b/4-StnX009-3200B-180514-detector1.txt,2018-05-14 08:48:47.000,2018-05-14 18:39:24.200,0.0010376916094983776,0.00036267517031675177,8,0.004788911863374404,58,0.012894539815556381,0.013545088212386983,0.3535533905932738,0.09820188953980563,0.13130643285972257,1.0599031526192815,0.13130643285972257,8.36143852633885e-05,2.4666830084154784e-05,0.00907605650961625,0.002690196654282497,0.013461473827123595,0.004788975390172151,0.08912583303018938,0.01317217958781619,0.011188765084853766,0.08912119502043402,590.62,0.0048007403355174475,0.013172181243243474,0.13917210214721196,0.34950188186649184,detector1,b,4,0,2018-01-17 15:10:00,2018-05-14 13:44:05.600000000,0.010926797224630908,0.0049228647370893695,0.07891298470991888,0.01682012690068375,0.06776604673707433,0.45201745003253313,0.09403253551542504,0.80514192828085,0.3055950017345024,0.7662095786443033,0.0798186651791217,0.532411809440978,0.110756814505801,0.9483417181740089,0.35994699850942563,0.9024872701094242,168394.08333333334,116.94033564814815,6.5712451682458655,2.2969885858079286
9,2,41 21.30,13 57.78,StnX009,"Calm, sunny, clouds",17/01/2018,12,Sampler001,15:10:00,16:40:00,3200b,849,5,/Users/seanselzer/Documents/GitHub/RaDeCC_Reader/Example_Output_Folder/StnX_folder/StnX009/3200b/2-StnX009-3200b-180125-detector1.txt,2018-01-25 13:23:14.000,2018-01-26 00:13:54.800,0.0014225161099209707,0.0003532931600071713,9,0.004610561258990595,60,0.01190441798182645,0.013831683776971785,0.3333333333333333,0.0922112251798119,0.12909944487358058,1.1464928997356612,0.12909944487358058,0.00010068560757356507,2.875427004538303e-05,0.010939178514967928,0.0031403332028951078,0.013730998169398219,0.0046106509226952735,0.08127204666484397,0.012311655457786267,0.011658560979444697,0.08126722109304801,650.68,0.004621327166976831,0.012311657165897398,0.14801159690737553,0.24835793249947719,detector1,b,2,0,2018-01-17 15:10:00,2018-01-25 18:48:34.400000000,0.011396593119221839,0.004748068474111544,0.07105901078253288,0.016155098650916456,0.07067963705043442,0.4182252537819636,0.09807544930205064,0.7861231394475412,0.2751800429696671,0.779187737595484,0.0832504558897932,0.4926094946127429,0.11551878598592538,0.9259403435069395,0.3241225476674524,0.9177731718836859,11738.566666666668,8.151782407407408,9.008169699462814,2.237879317401253
10,2,41 21.30,13 57.78,StnX009,"Calm, sunny, clouds",17/01/2018,12,Sampler001,15:10:00,16:40:00,3200b,849,5,/Users/seanselzer/Documents/GitHub/RaDeCC_Reader/Example_Output_Folder/StnX_folder/StnX009/3200b/1-StnX009-3200B-180118-detector1.txt,2018-01-18 17:56:49.000,2018-01-19 03:57:26.800,0.0012444099562234814,0.00038529695317611305,9,0.004994755506717945,68,0.013729269685555701,0.014984266520153838,0.3333333333333333,0.11321445815227345,0.12126781251816648,1.2120606696302216,0.12126781251816648,0.00010926338822052311,2.9782233975682156e-05,0.011876289742266281,0.003254725549615475,0.014875003131933314,0.004994844297207854,0.10133816841000717,0.014109786834039644,0.012290879837478131,0.10133250535542916,600.63,0.005007786465075889,0.014109788886946709,0.14698394604536105,0.30962220387998746,detector1,b,1,0,2018-01-17 15:10:00,2018-01-18 22:57:07.900000000,0.012028911977255273,0.005124979485852707,0.09112429504491402,0.017564067088361248,0.07460116578436539,0.4276195604185594,0.1035169839304294,0.7904996103515892,0.3528839924718447,0.749864434970161,0.08786945322068951,0.5036746597371086,0.1219281318379616,0.9310952243013316,0.41564663424245546,0.8832359421129837,1907.1166666666668,1.3243865740740741,7.880301659279616,2.440357699679752
11,2,42 21.30,14 57.78,StnX009,"Calm, sunny, clouds",17/01/2018,12,Sampler002,15:15:00,16:45:00,3400a,763,5,/Users/seanselzer/Documents/GitHub/RaDeCC_Reader/Example_Output_Folder/StnX_folder/StnX009/3400a/2-StnX009-3400A-180125-detector1.txt,2018-01-25 01:17:53.000,2018-01-25 10:58:29.000,0.003549875809992917,0.0006548647399936289,26,0.00878232778779329,96,0.01687557521724545,0.04478126076472615,0.19611613513818402,0.16534619359283498,0.10206207261596574,2.325180847399242,0.10206207261596574,0.00041611277892307296,9.368596833186445e-05,0.04570111146282347,0.010399546329538656,0.04436514798580307,0.00878282747370734,0.11964508213001152,0.01982260332986386,0.041314198391487776,0.11959473025319843,580.6,0.008797361241225217,0.0198226435868043,0.23731277649251417,0.18447539436455257,detector1,a,2,0,2018-01-17 15:15:00,2018-01-25 06:08:11.000000000,0.041052230531264916,0.008864595549669793,0.1093865199426833,0.022413110204068592,0.25459860887432345,0.21891394919807133,0.35328241625248774,0.6904586711382898,0.4236054924863815,0.7413582964263393,0.33368100769898223,0.286920454520015,0.4630175835550298,0.9049312612565331,0.5551841316990583,0.9716428485541486,10973.183333333332,7.620266203703703,25.013569878330568,4.617298625033149
12,2,42 21.30,14 57.78,StnX009,"Calm, sunny, clouds",17/01/2018,12,Sampler002,15:15:00,16:45:00,3400a,763,5,/Users/seanselzer/Documents/GitHub/RaDeCC_Reader/Example_Output_Folder/StnX_folder/StnX009/3400a/3-StnX009-3400A-180219-detector1.txt,2018-02-19 11:01:46.000,2018-02-19 20:32:20.800,0.00040201951901525155,0.00042786768322882775,5,0.003918938584422499,48,0.012142387097822407,0.008763013074415507,0.447213595499958,0.08412492551438887,0.14433756729740643,1.314451961162326,0.14433756729740643,0.00013879210303576912,4.3212277895472366e-05,0.015106724929184096,0.004732222784508997,0.008624220971379737,0.0039191768178325846,0.06901820058520478,0.013031941410073565,0.0068642568564570156,0.06901629679190802,570.58,0.0039332403766240516,0.013031941869906442,0.1897247984034751,1.064295794087042,detector1,a,3,0,2018-01-17 15:15:00,2018-02-19 15:47:03.400000000,0.006602288996234158,0.004081405310786902,0.05880808648139288,0.016710530187605377,0.04094621831930156,0.6192977254372883,0.0568171955385087,0.9171608580425,0.22773764490528922,0.8158674806731553,0.05366476843945158,0.8116615774125511,0.07446552495217391,1.202045784556946,0.29847659882737776,1.0692907543956125,47552.05,33.02225694444444,2.8327591920352004,3.0149508421519373
13,2,42 21.30,14 57.78,StnX009,"Calm, sunny, clouds",17/01/2018,12,Sampler002,15:15:00,16:45:00,3400a,763,5,/Users/seanselzer/Documents/GitHub/RaDeCC_Reader/Example_Output_Folder/StnX_folder/StnX009/3400a/4-StnX009-3400A-180513-detector1.txt,2018-05-13 20:41:24.000,2018-05-14 06:42:01.800,0.002599607900693923,0.0005059010181295082,7,0.004404960310115363,82,0.015076478261387905,0.011654429515675208,0.37796447300922725,0.13652331718362387,0.11043152607484655,1.5766778216206316,0.11043152607484655,0.00018980217447177563,4.6459628429704105e-05,0.020701850591715282,0.005103762104381329,0.011464627341203433,0.004405205310852772,0.11582146659190859,0.01591692760504429,0.008511179943109765,0.11581810240440522,600.63,0.004423864119495683,0.015916928445745576,0.17411493796993105,0.19460666279498004,detector1,a,4,0,2018-01-17 15:15:00,2018-05-14 01:41:42.900000000,0.008249212082886906,0.004556101754611625,0.10560989209389009,0.019046231159923335,0.05116014144500015,0.5535389062477923,0.07099009089413556,0.8701219685028889,0.4089802872904936,0.7370596035543537,0.06705129940366991,0.7254770744083163,0.09304074822298239,1.1403959277347406,0.5360161039193888,0.9660084877644278,167666.7,116.43520833333334,18.31767570494175,3.5667622004087005
14,2,42 21.30,14 57.78,StnX009,"Calm, sunny, clouds",17/01/2018,12,Sampler002,15:15:00,16:45:00,3400a,763,5,/Users/seanselzer/Documents/GitHub/RaDeCC_Reader/Example_Output_Folder/StnX_folder/StnX009/3400a/1-StnX009-3400A-180118-detector1.txt,2018-01-18 06:03:24.000,2018-01-18 15:23:58.800,0.004031883089783945,0.00047831381227263507,26,0.009095971161284355,94,0.017295229431718323,0.04638053444646616,0.19611613513818402,0.16768347069106995,0.10314212462587935,2.181668985693389,0.10314212462587935,0.0003601125464435771,8.26849508621007e-05,0.03949173493864263,0.009157803574373066,0.046020421900022576,0.009096346968317322,0.12819173575242732,0.01957013866590055,0.04275153263833568,0.1281375579366668,560.58,0.00911002566562846,0.0195701857344067,0.22502197441480332,0.11863285755596309,detector1,a,1,0,2018-01-17 15:15:00,2018-01-18 10:43:41.400000000,0.04248956477811282,0.00917496905057576,0.11792934762615168,0.022190143756393863,0.2635126994121373,0.21891275777470046,0.36565165683010153,0.6903250803323417,0.4566880764279687,0.7326503880880402,0.3453639572898261,0.28691948674678575,0.4792289080342091,0.9047565384981815,0.598542695187377,0.960231324175852,1168.6833333333334,0.8115856481481482,28.409948630786406,3.375491405471896
15,2,42 21.30,14 57.78,StnX009,"Calm, sunny, clouds",17/01/2018,12,Sampler002,15:15:00,16:45:00,3400b,763,5,/Users/seanselzer/Documents/GitHub/RaDeCC_Reader/Example_Output_Folder/StnX_folder/StnX009/3400b/2-StnX009-3400b-180127-detector1.txt,2018-01-28 00:53:58.000,2018-01-28 10:54:35.200,0.0023178067535723846,0.00047028052259468747,12,0.00576754289756877,73,0.014225306758545386,0.01997935466684426,0.28867513459481287,0.12154107422330258,0.11704114719613055,1.611667943125437,0.11704114719613055,0.0002010315211431064,5.1761909073126416e-05,0.021935826138829,0.0056898186096291615,0.019778323145701156,0.005767775166433489,0.09960524808447359,0.015321011330365869,0.01723838931954708,0.09959523699161439,600.62,0.005780991762335792,0.015321015788561333,0.18863146496262925,0.20289893532748338,detector1,b,2,0,2018-01-17 15:15:00,2018-01-28 05:54:16.600000000,0.016976421459324223,0.005882801646053358,0.08938702668109925,0.018551114118661328,0.10528473681634525,0.3484257298071467,0.1460936742012846,0.7469653425660234,0.34615632236020416,0.7551653409959524,0.13798785952338827,0.4566532279189716,0.1914727053752092,0.9789855256593966,0.45367801095701726,0.9897362358059535,15279.266666666666,10.610601851851852,16.33201393461284,3.3154760957032887
16,2,42 21.30,14 57.78,StnX009,"Calm, sunny, clouds",17/01/2018,12,Sampler002,15:15:00,16:45:00,3400b,763,5,/Users/seanselzer/Documents/GitHub/RaDeCC_Reader/Example_Output_Folder/StnX_folder/StnX009/3400b/1-StnX009-3400B-180118-detector1.txt,2018-01-18 17:58:58.000,2018-01-19 03:59:35.800,0.0014173353328857834,0.00045304269591750024,24,0.008156401587610268,69,0.013829851760514917,0.03995804405374357,0.20412414523193148,0.11487937665451277,0.1203858530857692,1.5583637180959993,0.1203858530857692,0.00018322332003724298,4.916403581439526e-05,0.019979275053999785,0.005398813333308131,0.03977482073370633,0.00815654975837142,0.09490010160051299,0.014846278494145366,0.037354868142893245,0.09485962722735937,600.63,0.008165330786570552,0.014846315746085432,0.18760494562089802,0.31964397232310365,detector1,b,1,0,2018-01-17 15:15:00,2018-01-18 22:59:16.900000000,0.037092900282670385,0.008237725189925353,0.08465141691684423,0.018161040759899036,0.23004354912919014,0.22498547684060197,0.31920968161996255,0.6928268062084328,0.32781740539436877,0.7611132348000939,0.30149875377351265,0.29487618242878155,0.4183613127391383,0.908034028870852,0.4296427331512041,0.997531148650665,1904.2666666666667,1.3224074074074075,9.987001880563307,3.192955738599011
17,2,42 21.30,14 57.78,StnX009,"Calm, sunny, clouds",17/01/2018,12,Sampler002,15:15:00,16:45:00,3400b,763,5,/Users/seanselzer/Documents/GitHub/RaDeCC_Reader/Example_Output_Folder/StnX_folder/StnX009/3400b/4-StnX009-3400B-180514-detector1.txt,2018-05-14 08:42:03.000,2018-05-14 18:42:40.200,0.0014723806236440092,0.0003633329385446344,11,0.005522001915279877,70,0.013929939504746355,0.01831440844460724,0.30151134457776363,0.11654623555659152,0.11952286093343936,1.133828377343412,0.11952286093343936,9.281672054460704e-05,2.5337397398759087e-05,0.010080061888354377,0.002765441127556656,0.018221591724062635,0.005522060044590386,0.10646617366823714,0.014201791409391807,0.015506704295522589,0.10645767626964825,600.62,0.005533922354920125,0.01420179515088391,0.13551841146760382,0.24676563431364518,detector1,b,4,0,2018-01-17 15:15:00,2018-05-14 13:42:21.600000000,0.01524473643529973,0.005640193798168509,0.09624946595913311,0.017638063832459607,0.09454513527899729,0.3717608558728264,0.13119134461873733,0.759125397439784,0.3727315070498041,0.7437120870911967,0.12391236602751939,0.48723639861205537,0.17194147394329923,0.9949225219498198,0.4885078729355231,0.9747262097512023,168387.35,116.93565972222223,10.374868752688236,2.561063641647788
18,2,43 21.30,15 57.78,StnX009,"Calm, sunny, clouds",17/01/2018,12,Sampler003,15:12:00,16:42:00,3600a,859,5,/Users/seanselzer/Documents/GitHub/RaDeCC_Reader/Example_Output_Folder/StnX_folder/StnX009/3600a/1-StnX009-3600A-180118-detector1.txt,2018-01-18 06:05:19.000,2018-01-18 15:15:53.200,0.009782482686203785,0.001162422280704583,442,0.03818550963842679,559,0.042943096854303316,0.8028043663839293,0.04756514941544941,1.0153114045443812,0.042295493443781355,7.590315491218191,0.042295493443781355,0.0031002652013583684,0.00035043415619216397,0.3535929896698324,0.04118100663532965,0.7997041011825708,0.03818711759800956,0.6617184148745487,0.05949777201658176,0.7828302816032698,0.6455533687081159,550.57,0.03821724513369768,0.05958368056196662,0.3210361390950511,0.11882691929973407,detector1,a,1,0,2018-01-17 15:12:00,2018-01-18 10:40:36.099999999,0.782568313743047,0.038232778019125856,0.6353451583976008,0.06049483696614719,4.853349049483811,0.0605551031724359,6.734533573059421,0.6537120754873484,2.460410102294838,0.6689472026025675,5.649998893461945,0.0777887381782431,7.8399692352263335,0.762382223833325,2.864272528864771,0.7789295537796534,1168.6,0.8115277777777777,61.22699992616937,7.284139294694657
19,2,43 21.30,15 57.78,StnX009,"Calm, sunny, clouds",17/01/2018,12,Sampler003,15:12:00,16:42:00,3600a,859,5,/Users/seanselzer/Documents/GitHub/RaDeCC_Reader/Example_Output_Folder/StnX_folder/StnX009/3600a/3-StnX009-3600A-180219-detector1.txt,2018-02-19 11:04:01.000,2018-02-19 20:34:38.200,0.012908325541907675,0.0010334702185872875,110,0.018380162773301876,430,0.03634019374246911,0.19277277347446636,0.09534625892455924,0.7535662963092776,0.04822428221704121,5.904104307595247,0.04822428221704121,0.002286942007559945,0.00026540962962716993,0.25861593232476066,0.030789219139504907,0.19048583146690642,0.018382078931518355,0.49495036398451697,0.04762967243704964,0.17786459718530123,0.49402429422427463,570.62,0.018422159854199902,0.047631036521487806,0.2847211923683219,0.08006229895830119,detector1,a,3,0,2018-01-17 15:12:00,2018-02-19 15:49:19.600000000,0.17760262932507836,0.0184543616292818,0.48381608391375946,0.04876603275192227,1.1014598177351174,0.10990852498105609,1.5283916417884673,0.660847084456603,1.8736051810269625,0.6730061718775415,1.2822582278639318,0.12816689291914954,1.7792685003358175,0.7693911096081932,2.1811468929301077,0.783579193379514,47557.316666666666,33.02591435185185,80.79115213931975,6.485397465443523
20,2,43 21.30,15 57.78,StnX009,"Calm, sunny, clouds",17/01/2018,12,Sampler003,15:12:00,16:42:00,3600a,859,5,/Users/seanselzer/Documents/GitHub/RaDeCC_Reader/Example_Output_Folder/StnX_folder/StnX009/3600a/2-StnX009-3600A-180125-detector1.txt,2018-01-25 01:21:25.000,2018-01-25 11:02:01.000,0.010919498744868777,0.0009023193077808678,349,0.03217626884648537,591,0.041871325460362444,0.6011023079572856,0.05352877275721893,1.0179125043058903,0.04113450348948636,7.3544609025146395,0.04113450348948636,0.0030608994654588934,0.00032787048287039836,0.3489683077021263,0.03850689697857627,0.5980414084918267,0.032177939274211496,0.668944196603764,0.056885754022657394,0.5809833314784307,0.6598750459731011,580.6,0.0322106190221341,0.056921042497699595,0.30252209765777943,0.08263376633518824,detector1,a,2,0,2018-01-17 15:12:00,2018-01-25 06:11:43.000000000,0.5807213636182079,0.032229046948981925,0.649666835662586,0.05787413402613618,3.6015302800220406,0.066033461083896,4.997503030979852,0.6543176136754232,2.51587160846803,0.6678730878192826,4.192701140887125,0.08065333361226157,5.817814937112749,0.7624725293292816,2.928837728135076,0.777687563665531,10979.716666666667,7.624803240740741,68.34340221105298,5.661466185683087
21,2,43 21.30,15 57.78,StnX009,"Calm, sunny, clouds",17/01/2018,12,Sampler003,15:12:00,16:42:00,3600a,859,5,/Users/seanselzer/Documents/GitHub/RaDeCC_Reader/Example_Output_Folder/StnX_folder/StnX009/3600a/4-StnX009-3600A-180513-detector1.txt,2018-05-13 20:47:31.000,2018-05-14 06:38:08.200,0.009503901902903943,0.0008002288124360489,46,0.011483407238368609,394,0.03360779052737667,0.07788425722122515,0.14744195615489714,0.667095594460059,0.05037927218598784,5.099725711963699,0.05037927218598784,0.0017643490163276256,0.00021020773130075632,0.19827237303321604,0.024155404627542034,0.07611990820489752,0.011485331039744355,0.4688232214268429,0.04138800740374327,0.06416491605851302,0.46867506930916936,590.62,0.011533719520876964,0.04138810464061053,0.2569204697168998,0.08420002864208193,detector1,a,4,0,2018-01-17 15:12:00,2018-05-14 01:42:49.600000000,0.06390294819829016,0.011585084179101684,0.4584668589986542,0.04268940753854962,0.396314682630019,0.18481463626687342,0.5499284120008057,0.678987443965172,1.7754388721441332,0.6726516164405207,0.46136750015136085,0.21516767469353643,0.6401960558798669,0.7904481829849745,2.06686713870097,0.783155992949545,167670.81666666668,116.43806712962964,59.48340720582788,5.020457932488495
22,2,43 21.30,15 57.78,StnX009,"Calm, sunny, clouds",17/01/2018,12,Sampler003,15:12:00,16:42:00,3600b,859,5,/Users/seanselzer/Documents/GitHub/RaDeCC_Reader/Example_Output_Folder/StnX_folder/StnX009/3600b/4-StnX009-3600B-180514-detector1.txt,2018-05-14 08:51:16.000,2018-05-14 18:41:52.000,0.005321476506284958,0.0007350932016688412,24,0.008294919548876322,155,0.021080087365372046,0.04063664070436844,0.20412414523193148,0.2624449712157128,0.08032193289024989,3.1188621740602778,0.08032193289024989,0.0007375548178981072,0.00013178960058739345,0.08158341158665346,0.014786937386598304,0.039899085886470335,0.008295966418757586,0.18086155962905937,0.02574924466090019,0.03528711611592932,0.18082083204035918,590.6,0.008321910232479572,0.025749267019047138,0.2505130382388085,0.13813707545277246,detector1,b,4,0,2018-01-17 15:12:00,2018-05-14 13:46:34.000000000,0.03502514825570646,0.008392954150241858,0.17061262172984404,0.027792715993015846,0.21721972000348302,0.2423206044973785,0.30141526648482264,0.6989030107464129,0.6607070385832995,0.7096075510144245,0.25287511059776835,0.2821000035989889,0.3508908806575351,0.813626557443653,0.7691583685486606,0.8260977558464656,168394.56666666668,116.9406712962963,33.30627327528233,4.604913878374273
23,2,43 21.30,15 57.78,StnX009,"Calm, sunny, clouds",17/01/2018,12,Sampler003,15:12:00,16:42:00,3600b,859,5,/Users/seanselzer/Documents/GitHub/RaDeCC_Reader/Example_Output_Folder/StnX_folder/StnX009/3600b/2-StnX009-3600b-180127-detector1.txt,2018-01-27 13:07:23.000,2018-01-27 22:38:00.200,0.005446712018260761,0.0008052871759576752,140,0.0207356201433515,198,0.024659576039168424,0.24534716624022992,0.08451542547285167,0.34699099225403945,0.07106690545187014,3.9465844169499844,0.07106690545187014,0.0010466665227857825,0.0001762165492090753,0.1164145089338551,0.01993652745709339,0.24430049971744414,0.02073636889625519,0.23057648332018435,0.03171056318451263,0.23842079939277944,0.22905455425413415,570.62,0.020752129053976495,0.031714864537049754,0.28047154161720855,0.14784831165258094,detector1,b,2,0,2018-01-17 15:12:00,2018-01-27 17:52:41.600000000,0.23815883153255657,0.020780720625702787,0.21884634394361901,0.03339525329824084,1.47701857888439,0.09431637825857185,2.0495190241030317,0.6581918947748004,0.8474948590891856,0.698924751989491,1.7194628392134923,0.11025309361423252,2.3859360001199437,0.7663562260609521,0.9866063551678529,0.8136695698667037,14560.683333333332,10.111585648148148,34.0901023837468,5.044068599544829
24,2,43 21.30,15 57.78,StnX009,"Calm, sunny, clouds",17/01/2018,12,Sampler003,15:12:00,16:42:00,3600b,859,5,/Users/seanselzer/Documents/GitHub/RaDeCC_Reader/Example_Output_Folder/StnX_folder/StnX009/3600b/1-StnX009-3600B-180118-detector1.txt,2018-01-18 18:01:42.000,2018-01-19 04:02:21.000,0.006223471772811422,0.0006847511744742543,271,0.027407105024813673,346,0.030968243132836554,0.45117789061849667,0.06074567392307871,0.5760426204944643,0.05376033305704704,4.959627070673437,0.05376033305704704,0.0014386615239069713,0.00019746150224100086,0.16096813499613272,0.022541519901871258,0.4497392290945897,0.02740781634654673,0.4150744854983316,0.03830342285254591,0.43915482971438224,0.4099334856679625,600.65,0.027425214905366344,0.03832474660046048,0.2666312031581506,0.11002720016594876,detector1,b,1,0,2018-01-17 15:12:00,2018-01-18 23:02:01.500000000,0.4388928618541594,0.027446855959401655,0.39972527535744734,0.03972652152202301,2.7219352183029013,0.07205243376487809,3.7769721329446404,0.6550466999888852,1.5479587632531855,0.6756573968948417,3.1687255160685694,0.08588335415519587,4.396940783404704,0.762998279300609,1.8020474543110425,0.7866326801948176,1910.0166666666667,1.3264004629629629,38.95171788157912,4.291741493522192
25,2,44 21.30,16 57.78,StnX009,"Calm, sunny, clouds",17/01/2018,12,Sampler004,15:15:00,16:45:00,3800a,933,5,/Users/seanselzer/Documents/GitHub/RaDeCC_Reader/Example_Output_Folder/StnX_folder/StnX009/3800a/4-StnX009-3800A-180513-detector1.txt,2018-05-13 20:52:43.000,2018-05-14 06:33:20.200,0.007107631052901847,0.0007117411043129554,26,0.008782025272282706,249,0.02717738596338311,0.044779718232234506,0.19611613513818402,0.42885191691639973,0.06337242505244779,3.990561813234129,0.06337242505244779,0.001150674558923721,0.00016656216794041966,0.12819656236434454,0.018891794761194156,0.04362904367331078,0.00878360466088958,0.30065535455205517,0.03309849267114405,0.03596233213223338,0.30060665911225537,580.62,0.008824061783411967,0.033098515990684446,0.25289157942634,0.1001375984509454,detector1,a,4,0,2018-01-17 15:15:00,2018-05-14 01:43:01.600000000,0.03570036427201052,0.008891094185086861,0.2903984488017402,0.034711987425611976,0.22140728925894043,0.25164023889293785,0.30722596038976413,0.7021027552822684,1.1245844367880053,0.6850819030617499,0.237306848080322,0.26971386522074287,0.3292882748014621,0.7525237789328345,1.2053423759785695,0.7343069788264793,167668.01666666666,116.43612268518518,40.957202761941744,4.107224992828714
26,2,44 21.30,16 57.78,StnX009,"Calm, sunny, clouds",17/01/2018,12,Sampler004,15:15:00,16:45:00,3800a,933,5,/Users/seanselzer/Documents/GitHub/RaDeCC_Reader/Example_Output_Folder/StnX_folder/StnX009/3800a/3-StnX009-3800A-180219-detector1.txt,2018-02-19 23:13:48.000,2018-02-20 09:04:25.200,0.006272247579378884,0.0007397280176295782,93,0.016328012530887805,255,0.02703721415236753,0.15746165046899868,0.10369516947304253,0.4317496867698351,0.06262242910851494,4.063526463716095,0.06262242910851494,0.0011229533395413624,0.00016578513894183384,0.12505340535925874,0.018791249567261255,0.15633869712945733,0.016328854152117444,0.30669628141057637,0.032926008100285696,0.14851794195348764,0.3060721328892072,590.62,0.016350425935055896,0.03292705492950858,0.2544678979046356,0.11793667393831264,detector1,a,3,0,2018-01-17 15:15:00,2018-02-20 04:09:06.600000000,0.14825597409326477,0.016386699414719312,0.29586392257869204,0.03454853479644434,0.91945709826184,0.11619190322472478,1.2758436770359083,0.6621081346667443,1.1457497934715366,0.6841886722902654,0.985484564053419,0.12464773466822168,1.3674637481628171,0.7096928583244437,1.2280276457358377,0.7333507219332359,48294.1,33.53756944444444,36.1433667518289,4.267026937850963
27,2,44 21.30,16 57.78,StnX009,"Calm, sunny, clouds",17/01/2018,12,Sampler004,15:15:00,16:45:00,3800a,933,5,/Users/seanselzer/Documents/GitHub/RaDeCC_Reader/Example_Output_Folder/StnX_folder/StnX009/3800a/3-StnX009-3800A-180220-detector1.txt,2018-02-20 11:11:28.000,2018-02-20 21:02:04.000,0.006881200610692614,0.00089671468941053,72,0.014367222103350098,234,0.025900877989804193,0.1219099221131053,0.1178511301977579,0.3962072468675923,0.06537204504606135,3.809685066034541,0.06537204504606135,0.0010079095245901254,0.00015361943871293582,0.11203179480132837,0.017363132112622456,0.12090201258851518,0.014368043356662802,0.28417545206626393,0.031182267996460816,0.11365553856082546,0.28380197174443744,590.6,0.014390028838633835,0.031182778812505862,0.24904690374811722,0.13031369671407864,detector1,a,3,0,2018-01-17 15:15:00,2018-02-20 16:06:46.000000000,0.1133935707006026,0.01443123069690618,0.2735937614339223,0.03289036340206527,0.7032466928606649,0.13221930448021388,0.9758289409901121,0.66545437361184,1.059507333391223,0.6865867927966028,0.753747795134689,0.14177170961597116,1.045904545541385,0.7132635815556319,1.1355919972038833,0.735916688417326,49011.76666666667,34.035949074074075,39.65241394214878,5.1716202437388334
28,2,44 21.30,16 57.78,StnX009,"Calm, sunny, clouds",17/01/2018,12,Sampler004,15:15:00,16:45:00,3800a,933,5,/Users/seanselzer/Documents/GitHub/RaDeCC_Reader/Example_Output_Folder/StnX_folder/StnX009/3800a/2-StnX009-3800A-180125-detector1.txt,2018-01-25 13:14:49.000,2018-01-26 00:15:31.000,-3.94352813028271e-05,0.00027252016690910963,326,0.0273277888380018,247,0.023787246322842005,0.4934160738610564,0.055384877562171135,0.3738459209928863,0.06362847629757779,2.6835174814590586,0.06362847629757779,0.00030683873998564153,5.898190565168854e-05,0.033598066655251106,0.006517554274387067,0.49310923512107074,0.027327852488616994,0.3402478543376352,0.024663973754104215,0.484432914835461,0.3340717701096513,660.7,0.02733508873697657,0.024703628984510527,0.17074812846315335,-6.910567337314081,detector1,a,2,0,2018-01-17 15:15:00,2018-01-25 18:45:10.000000000,0.48417094697523816,0.02735680108691433,0.3238635597991361,0.02682684467570867,3.00274182333111,0.06688126718289565,4.166620907392552,0.6544619446590628,1.254179974086306,0.6772907561479532,3.218372800997974,0.07372980917221551,4.465831626358577,0.7018679001354035,1.3442443452157622,0.7259636709308929,11730.166666666666,8.145949074074073,-0.22724291684142436,1.5703779509574234
29,2,44 21.30,16 57.78,StnX009,"Calm, sunny, clouds",17/01/2018,12,Sampler004,15:15:00,16:45:00,3800a,933,5,/Users/seanselzer/Documents/GitHub/RaDeCC_Reader/Example_Output_Folder/StnX_folder/StnX009/3800a/1-StnX009-3800A-180118-detector1.txt,2018-01-18 05:54:21.000,2018-01-18 15:14:57.000,0.0007448323661754481,0.0004673565734602948,392,0.03531749888195385,301,0.030947826565996206,0.6992508027113806,0.05050762722761054,0.5369247235105244,0.0576390417704235,3.467713164466643,0.0576390417704235,0.00046321383363067005,8.52469500073117e-05,0.0509342185670997,0.009479603233531319,0.6987875888777499,0.03531760176341674,0.4859905049434248,0.03236712601736765,0.6863948310016926,0.4736281388158691,560.6,0.03532724467429231,0.03246958559517486,0.19987566393454026,0.627465446836137,detector1,a,1,0,2018-01-17 15:15:00,2018-01-18 10:34:39.000000000,0.6861328631414698,0.03534404767040595,0.46341992850535396,0.03411281722421408,4.2552735916683995,0.06271890838242657,5.90464081059488,0.6539465370166886,1.7946199142762371,0.6700761698870198,4.560850580566345,0.07152841683828368,6.3286611046033014,0.7017274072203213,1.9234940131578104,0.7182692230984918,1159.65,0.8053125000000001,4.292041893852922,2.693206207708959
30,2,44 21.30,16 57.78,StnX009,"Calm, sunny, clouds",17/01/2018,12,Sampler004,15:15:00,16:45:00,3800b,933,5,/Users/seanselzer/Documents/GitHub/RaDeCC_Reader/Example_Output_Folder/StnX_folder/StnX009/3800b/1-StnX009-3800B-180118-detector1.txt,2018-01-18 17:50:20.000,2018-01-19 04:00:57.200,0.00043323682964829726,0.0004588017420586814,514,0.03712876764192013,340,0.030197322253751553,0.8417673839703907,0.044108109139123094,0.5568111100193246,0.05423261445466404,3.9730110379614163,0.05423261445466404,0.0006165239814262152,0.00010572747157765128,0.06802837382961027,0.011818882571765837,0.8411508599889645,0.03712891817580929,0.48878273618971435,0.03242783151155977,0.8286869002161268,0.4709103796656182,610.62,0.03713812521606008,0.032592773911205804,0.21546677584588608,1.059009093089195,detector1,b,1,0,2018-01-17 15:15:00,2018-01-18 22:55:38.600000000,0.828424932355904,0.03715410924802762,0.46070216935510305,0.0342300923381347,5.137743616001268,0.05737118747575066,7.129161022410338,0.6534128208060694,1.7840952380738617,0.6702363475262318,5.506691978565132,0.06820582205693448,7.641115779646665,0.7015314291461502,1.9122135456311486,0.7184400208100578,1900.6333333333332,1.3198842592592592,2.4964954629435474,2.6438452473886205
31,2,44 21.30,16 57.78,StnX009,"Calm, sunny, clouds",17/01/2018,12,Sampler004,15:15:00,16:45:00,3800b,933,5,/Users/seanselzer/Documents/GitHub/RaDeCC_Reader/Example_Output_Folder/StnX_folder/StnX009/3800b/2-StnX009-3800b-180127-detector1.txt,2018-01-28 00:44:21.000,2018-01-28 10:54:58.800,-0.00021672611119680107,0.00033012192277765724,253,0.026048464242809665,193,0.022751001407480476,0.41432618770777724,0.06286946134619315,0.3160670127573162,0.07198157507486945,2.276337553019013,0.07198157507486945,0.00022229674676220532,4.8164095730237785e-05,0.02427471296613217,0.00530041111667816,0.414103890961015,0.026048508770926817,0.29179229979118404,0.023360274464333336,0.4066631873163398,0.2874312545716573,610.63,0.026055319076719034,0.02338698830908396,0.1638543624683827,-1.5232217334342588,detector1,b,2,0,2018-01-17 15:15:00,2018-01-28 05:49:39.900000000,0.40640121945611696,0.02607809697121806,0.27722304426114214,0.02561955371234011,2.5204278495794536,0.07347400783291347,3.4973594106675856,0.6552354459646861,1.073561936647661,0.68195292777843,2.701423204265224,0.08006991870912165,3.748509550554754,0.7025760448385903,1.1506558806512979,0.7309509068038368,15274.65,10.607395833333333,-1.2488683239221443,1.902315146514633
32,2,44 21.30,16 57.78,StnX009,"Calm, sunny, clouds",17/01/2018,12,Sampler004,15:15:00,16:45:00,3800b,933,5,/Users/seanselzer/Documents/GitHub/RaDeCC_Reader/Example_Output_Folder/StnX_folder/StnX009/3800b/4-StnX009-3800B-180514-detector1.txt,2018-05-14 08:53:17.000,2018-05-14 18:43:53.000,0.00705485299258383,0.0007283413668768774,30,0.009274001989589675,257,0.027143954524011853,0.05079580088046055,0.18257418583505539,0.4351506942092787,0.06237828615518054,4.210971892990179,0.06237828615518054,0.0012908979243578627,0.00018317149025931674,0.14412690600388617,0.020842860225204925,0.04950490295610269,0.00927581072994469,0.29102378820539254,0.03422307831813282,0.042083796356865176,0.2909610990334672,590.6,0.009316772505044294,0.03422311071144352,0.2626732097323637,0.10323976525698282,detector1,b,4,0,2018-01-17 15:15:00,2018-05-14 13:48:35.000000000,0.041821828496642316,0.009380284609827313,0.280752888722952,0.035785913667502896,0.259371518137521,0.2271607313535525,0.3599053311400104,0.6930453037167277,1.087231459203354,0.6872836127660631,0.2779973399115981,0.24347801066240468,0.3857506228724656,0.7428167069481985,1.1653070302286752,0.7366648552224911,168393.58333333334,116.93998842592593,40.65307305940964,4.202664401246739
33,2,45 21.30,17 57.78,StnX009,"Calm, sunny, clouds",17/01/2018,12,Sampler005,15:12:00,16:42:00,4000a,840,5,/Users/seanselzer/Documents/GitHub/RaDeCC_Reader/Example_Output_Folder/StnX_folder/StnX009/4000a/1-StnX009-4000A-180118-detector2.txt,2018-01-18 05:56:52.000,2018-01-18 15:17:26.200,0.006816895105415337,0.0007959180689695002,410,0.036121192235254444,372,0.034406588868448024,0.7313983980591183,0.04938647983247948,0.663610253848761,0.05184758473652126,5.18044133649678,0.05184758473652126,0.0013331128727292981,0.00019244974916499813,0.14893275529243805,0.021919195280160376,0.730065285186389,0.036121704907190626,0.5146774985563229,0.040795397770976766,0.7169410089732028,0.5011903621890188,560.57,0.03613668154908277,0.040888421776445597,0.26859337116659426,0.11675668418855725,detector2,a,1,0,2018-01-17 15:12:00,2018-01-18 10:37:09.099999999,0.7156708567045256,0.036161628075262034,0.4972259922806535,0.04094082767145533,3.682314081388481,0.050885124667376706,3.3675071759925213,0.05071592921839547,1.0528379584469831,0.0824551782078325,4.383707239748191,0.06595837755863326,4.008937114276811,0.06492074900209803,1.253378521960694,0.09844403399484564,1165.15,0.8091319444444445,43.63092105360558,5.100817467046411
34,2,45 21.30,17 57.78,StnX009,"Calm, sunny, clouds",17/01/2018,12,Sampler005,15:12:00,16:42:00,4000a,840,5,/Users/seanselzer/Documents/GitHub/RaDeCC_Reader/Example_Output_Folder/StnX_folder/StnX009/4000a/3b-StnX009-4000A-180219-detector2.txt,2018-02-19 23:05:05.000,2018-02-20 08:55:41.000,0.006550911556135532,0.0007966331942886848,81,0.015238740264138162,208,0.024419581953701246,0.13714866237724346,0.1111111111111111,0.35218421943785977,0.06933752452815364,3.084998306806637,0.06933752452815364,0.0006267368391805674,0.0001042411198486412,0.06917021740247226,0.011656521337016832,0.1365219255380629,0.015239096792426148,0.2830140020353875,0.02705901832058695,0.1293050684861605,0.28253790315685073,590.6,0.015254710023584814,0.027059863402225083,0.21390614576751765,0.12160646460606912,detector2,a,3,0,2018-01-17 15:12:00,2018-02-20 04:00:23.000000000,0.12803491621748328,0.015313711815801523,0.27857353324848544,0.027138985655369877,0.6587731922856316,0.1197593961423003,0.6024536211036267,0.11968643129297798,0.5898581220129628,0.09752115094089046,0.7842538003400376,0.1426471140349703,0.7172066917900317,0.14254778742631577,0.702212050015432,0.11617182730484842,48288.38333333333,33.533599537037034,41.92851738438001,5.104883185002469
35,2,45 21.30,17 57.78,StnX009,"Calm, sunny, clouds",17/01/2018,12,Sampler005,15:12:00,16:42:00,4000a,840,5,/Users/seanselzer/Documents/GitHub/RaDeCC_Reader/Example_Output_Folder/StnX_folder/StnX009/4000a/2-StnX009-4000A-180125-detector2.txt,2018-01-25 01:10:54.000,2018-01-25 11:01:31.200,0.006727913208768866,0.0006280457385417843,280,0.028331584657955218,325,0.03052344380027758,0.4740780874335444,0.05976143046671968,0.5502692086282212,0.05547001962252291,4.381836036707189,0.05547001962252291,0.001048691400020976,0.00015407365627722198,0.1166436022477597,0.017432231945826826,0.47302939603352345,0.028332003598800455,0.43362560638046144,0.03515058082083153,0.4619719430708217,0.42794045991930846,590.62,0.028346178807364883,0.03517808198938597,0.2430605309388258,0.09334926284768613,detector2,a,2,0,2018-01-17 15:12:00,2018-01-25 06:06:12.600000000,0.46070179080214446,0.02837797463972477,0.42397609001094316,0.035238981079299854,2.3704314290557016,0.06189089225965644,2.1677794645190507,0.061751586071852646,0.8977369002574241,0.08323142565620717,2.821942177447264,0.0755700791094014,2.5806898387131554,0.07510156939030721,1.068734405068362,0.0992890333426557,10974.2,7.620972222222223,43.06140046575056,4.027913707215861
36,2,45 21.30,17 57.78,StnX009,"Calm, sunny, clouds",17/01/2018,12,Sampler005,15:12:00,16:42:00,4000a,840,5,/Users/seanselzer/Documents/GitHub/RaDeCC_Reader/Example_Output_Folder/StnX_folder/StnX009/4000a/3-StnX009-4000A-180220-detector2.txt,2018-02-20 11:03:02.000,2018-02-20 21:03:39.800,0.004614660073240003,0.0005400142766391116,99,0.016565729935344886,205,0.023838005200000588,0.16482693172169222,0.10050378152592121,0.3413082929590597,0.06984302957695782,3.314852737958477,0.06984302957695782,0.0007338588402560014,0.0001219454940958118,0.08116874134746337,0.013680932802748137,0.1640930728814362,0.016566178768633158,0.2601395516115963,0.027484876100658796,0.1574595143153405,0.25945203733674405,600.63,0.016580997853512622,0.027486298713460384,0.23151935782049352,0.11702146378464702,detector2,a,3,0,2018-01-17 15:12:00,2018-02-20 16:03:20.900000000,0.15618936204666328,0.016635296255010017,0.25548766742837875,0.0275641969231985,0.803635193244938,0.10667913598946159,0.7349311384953962,0.10659750814584967,0.5409755691771024,0.10797899501298204,0.956708563386831,0.12712658368155086,0.8749180220183287,0.12700861125179094,0.6440185347346458,0.1286035693999816,49011.333333333336,34.03564814814815,29.53571475448031,3.46078098184028
37,2,45 21.30,17 57.78,StnX009,"Calm, sunny, clouds",17/01/2018,12,Sampler005,15:12:00,16:42:00,4000a,840,5,/Users/seanselzer/Documents/GitHub/RaDeCC_Reader/Example_Output_Folder/StnX_folder/StnX009/4000a/3-StnX009-4000A-180219-detector2.txt,2018-02-19 10:53:16.000,2018-02-19 20:33:52.000,0.0062818441697782175,0.000537374906749257,83,0.015691411607206853,201,0.02441861329445027,0.14295556321047193,0.10976425998969035,0.3461935928349983,0.07053456158585983,3.0347915949018254,0.07053456158585983,0.0006028101868101605,0.00010231793957055256,0.06649569694655001,0.011432699585067518,0.14235275302366177,0.015691745192538145,0.2796978958884483,0.02696247939315497,0.13522045667850632,0.2791803085271099,580.6,0.015706800529488328,0.026963457402290385,0.2140576946508526,0.08554413198190321,detector2,a,3,0,2018-01-17 15:12:00,2018-02-19 15:43:34.000000000,0.1339503044098291,0.01576411033160118,0.2752159386187446,0.027042861722466057,0.6892094145147384,0.11784227623615358,0.6302878021379542,0.11776818795464748,0.5827486725269158,0.0983595905464038,0.8204873982318314,0.14037340901839263,0.7503426215928026,0.14027134704299077,0.6937484196748998,0.11716754255123768,47551.566666666666,33.0219212962963,40.206375894637844,3.4477358502741473
38,2,45 21.30,17 57.78,StnX009,"Calm, sunny, clouds",17/01/2018,12,Sampler005,15:12:00,16:42:00,4000a,840,5,/Users/seanselzer/Documents/GitHub/RaDeCC_Reader/Example_Output_Folder/StnX_folder/StnX009/4000a/4-StnX009-4000A-180513-detector2.txt,2018-05-13 20:43:07.000,2018-05-14 06:33:44.200,0.006315196689291181,0.00047975922479994115,20,0.007571934501032101,168,0.021945551110385222,0.033862720530967456,0.223606797749979,0.28444685246012663,0.07715167498104596,2.6531441536013003,0.07715167498104596,0.0005070951947054833,8.9493606303385e-05,0.05581777797031145,0.009967548405771742,0.033355625336261976,0.007572463350422334,0.22862907448981518,0.024103095957987077,0.02752558393677169,0.22860060718034944,590.62,0.0075973659867017125,0.02410310986138529,0.2046945154165098,0.07596900752330953,detector2,a,4,0,2018-01-17 15:12:00,2018-05-14 01:38:25.600000000,0.02625543166809448,0.007715151431414179,0.22463623727198415,0.024191904431964437,0.13509107551136923,0.2939171560218417,0.12354192394841772,0.2938851265190262,0.475650028587313,0.10778466361987885,0.1608227089421062,0.3499026856990541,0.14707371898621155,0.3498643411295056,0.5662500340325154,0.12835933613883702,167666.41666666666,116.43501157407407,40.419845681587184,3.080066752344676
39,2,45 21.30,17 57.78,StnX009,"Calm, sunny, clouds",17/01/2018,12,Sampler005,15:12:00,16:42:00,4000b,840,5,/Users/seanselzer/Documents/GitHub/RaDeCC_Reader/Example_Output_Folder/StnX_folder/StnX009/4000b/4-StnX009-4000B-180514-detector2.txt,2018-05-14 08:44:13.000,2018-05-14 18:44:50.200,0.0034795417583498842,0.0004619057581099695,10,0.005265022243961872,81,0.014984516000133195,0.016649462222370216,0.31622776601683794,0.13486064400119877,0.1111111111111111,1.771502780460191,0.1111111111111111,0.00024410376911351768,5.9515861742805195e-05,0.026675910440728954,0.006557009734968129,0.016405358453256698,0.00526535861715157,0.10818473356046981,0.016356347282407358,0.013646647747464718,0.10817784549236835,600.62,0.005281852214177443,0.016356349676329197,0.19683364227335454,0.13274901989652246,detector2,b,4,0,2018-01-17 15:12:00,2018-05-14 13:44:31.600000000,0.01237649547878751,0.005449913254921707,0.10421347558400304,0.016486919354131806,0.06368031218937285,0.44039359331908323,0.058236180707946915,0.44036994806591356,0.22066405332767913,0.1582677867864194,0.07580989546353911,0.5242782814811457,0.06932878655707966,0.52425010059396,0.26269530158057036,0.1884205202544554,168392.51666666666,116.93924768518518,22.270492564963416,2.959356576023225
40,2,45 21.30,17 57.78,StnX009,"Calm, sunny, clouds",17/01/2018,12,Sampler005,15:12:00,16:42:00,4000b,840,5,/Users/seanselzer/Documents/GitHub/RaDeCC_Reader/Example_Output_Folder/StnX_folder/StnX009/4000b/1-StnX009-4000B-180118-detector2.txt,2018-01-18 17:52:30.000,2018-01-19 04:03:09.000,0.0041898769193268945,0.0005434980487671627,200,0.023159151107395318,177,0.02178684139138634,0.3275198558912634,0.07071067811865475,0.2898550724637681,0.07516460280028288,2.985343486448866,0.07516460280028288,0.0005215914489973323,9.985203609027413e-05,0.057432740150014004,0.011126874361728479,0.3269982644422661,0.023159366365345168,0.23242233231375412,0.024463723978068338,0.32107149496826537,0.22969922618671773,610.65,0.02316776657398804,0.0244762397138453,0.2243921573813407,0.12971694854809146,detector2,b,1,0,2018-01-17 15:12:00,2018-01-18 22:57:49.500000000,0.31980134269958815,0.023206658520790055,0.22573485627835244,0.024563685504925954,1.6454617041306023,0.07281586251817887,1.504788557957912,0.07269720708152116,0.4779762701952195,0.10890656202448501,1.9588829811078599,0.08746622605073386,1.7914149499498953,0.08719872904368585,0.5690193692800232,0.12969490312617593,1905.8166666666666,1.3234837962962962,26.816928567120424,3.482270600193235
41,2,45 21.30,17 57.78,StnX009,"Calm, sunny, clouds",17/01/2018,12,Sampler005,15:12:00,16:42:00,4000b,840,5,/Users/seanselzer/Documents/GitHub/RaDeCC_Reader/Example_Output_Folder/StnX_folder/StnX009/4000b/2-StnX009-4000b-180127-detector1.txt,2018-01-27 13:04:42.000,2018-01-27 22:45:19.200,0.003612057365008773,0.0004713108629955116,119,0.018788040568075013,139,0.020305580452880705,0.20495332575522718,0.09166984970282112,0.23939926285694602,0.08481889296799709,2.766008749268024,0.08481889296799709,0.000501386377882844,0.00010204602935194002,0.05518200981352199,0.011363314127815705,0.20445193937734432,0.018788317694241254,0.184217253043424,0.023268895665583853,0.19975439942473702,0.18315064691330565,580.62,0.0187976848074088,0.02327225847627655,0.234609800052708,0.13048266275094633,detector1,b,2,0,2018-01-17 15:12:00,2018-01-27 17:55:00.600000000,0.19949243156451416,0.01882924437064062,0.17294243660279052,0.025514864781865407,1.23721646546343,0.10095165049711785,1.7167683055253478,0.6593125043492818,0.6697293786044805,0.7057248549882114,1.4728767445993214,0.12049989112413911,2.043771792292081,0.7849901095158414,0.7972968792910481,0.8401620408153788,14563.0,10.113194444444444,23.118646729446834,3.019719734360606
42,2,46 21.30,18 57.78,StnX009,"Calm, sunny, clouds",17/01/2018,12,Sampler006,15:10:00,16:40:00,4100a,535,5,/Users/seanselzer/Documents/GitHub/RaDeCC_Reader/Example_Output_Folder/StnX_folder/StnX009/4100a/4-StnX009-4100A-180513-detector2.txt,2018-05-13 20:45:23.000,2018-05-14 06:36:00.200,0.005770230023727032,0.0005418556855133191,20,0.007571934501032101,143,0.020246962079004095,0.033862720530967456,0.223606797749979,0.24211845179641733,0.08362420100070908,2.405946293725238,0.08362420100070908,0.00042200147481183273,8.01908234673637e-05,0.04635485645835064,0.00890355029335971,0.03344071905615562,0.007572359120913945,0.1957635953380667,0.02211815275412971,0.028448747375034923,0.19573498263604655,590.62,0.007593334787962052,0.0221181679823121,0.20119533646339036,0.09390538735634853,detector2,a,4,0,2018-01-17 15:10:00,2018-05-14 01:40:41.600000000,0.027178595106357714,0.007711181807987337,0.19177061272768126,0.022214897927946186,0.1398409932931173,0.28379222153418243,0.12788576368122503,0.28375915308566585,0.4060595856388315,0.11592607860094283,0.26138503419274267,0.5304583754321005,0.2390388106191122,0.5303956451480965,0.7589898796987504,0.2168003319445676,167670.68333333332,116.43797453703702,57.98643376270759,5.4721394294023895
43,2,46 21.30,18 57.78,StnX009,"Calm, sunny, clouds",17/01/2018,12,Sampler006,15:10:00,16:40:00,4100a,535,5,/Users/seanselzer/Documents/GitHub/RaDeCC_Reader/Example_Output_Folder/StnX_folder/StnX009/4100a/3-StnX009-4100A-180219-detector2.txt,2018-02-19 10:56:55.000,2018-02-19 20:37:32.200,0.004167912989495435,0.000625574256460111,61,0.013451568454250034,141,0.02045114203272005,0.1050601081602425,0.12803687993289598,0.2428438565671179,0.08421519210665189,2.3905480348592882,0.08421519210665189,0.00038810644313298895,7.707333086406512e-05,0.04259399161643692,0.008546040660049934,0.10467200171710951,0.0134517892556234,0.20024986495068098,0.022164927732923372,0.09956563016086714,0.1999698544634594,580.62,0.013463658180918893,0.022165399435428473,0.20132046199585413,0.1500929261327604,detector2,a,3,0,2018-01-17 15:10:00,2018-02-19 15:47:13.600000000,0.09829547789218994,0.013530472397014983,0.19600548455509412,0.02226192415734508,0.5057559896261908,0.13778533789768235,0.46251810321546477,0.1377215459192623,0.41502660240440187,0.11366477264854719,0.9453382983667119,0.2576941832580417,0.8645198190943266,0.25755021472420964,0.7757506586998165,0.21258118438806167,47557.21666666667,33.02584490740741,41.88436327500186,6.2987217784848735
44,2,46 21.30,18 57.78,StnX009,"Calm, sunny, clouds",17/01/2018,12,Sampler006,15:10:00,16:40:00,4100a,535,5,/Users/seanselzer/Documents/GitHub/RaDeCC_Reader/Example_Output_Folder/StnX_folder/StnX009/4100a/2-StnX009-4100A-180125-detector2.txt,2018-01-25 13:20:55.000,2018-01-26 00:11:35.800,0.004579593089455475,0.0005309211268595314,262,0.02487615118989157,237,0.023659562793294175,0.4026556832851786,0.06178020632152155,0.364234339460257,0.06495698024616309,3.7837339398782817,0.06495698024616309,0.0008466628367072321,0.00013931276103717498,0.09384461784853465,0.01567947864869429,0.40180902044847133,0.02487654128024496,0.27038972161172237,0.028383462830752174,0.3949140825473724,0.2662829910377568,650.68,0.024887068149913604,0.028402333472834808,0.24577993078941038,0.11593194340387548,detector2,a,2,0,2018-01-17 15:10:00,2018-01-25 18:46:15.400000000,0.3936439302786952,0.024923277328076344,0.2623186211293915,0.028477726063669554,2.0254011658278257,0.06360022674082598,1.852246388938396,0.06346454554268371,0.5554395904882828,0.10865138981590536,3.7857965716407955,0.12403239236564795,3.462142783062422,0.12295896755695176,1.0382048420341736,0.20331836373353243,11736.25,8.15017361111111,46.021435930614764,5.352662853906044
45,2,46 21.30,18 57.78,StnX009,"Calm, sunny, clouds",17/01/2018,12,Sampler006,15:10:00,16:40:00,4100a,535,5,/Users/seanselzer/Documents/GitHub/RaDeCC_Reader/Example_Output_Folder/StnX_folder/StnX009/4100a/1-StnX009-4100A-180118-detector2.txt,2018-01-18 05:59:08.000,2018-01-18 15:19:42.200,0.005507257681326581,0.0006556862188668021,293,0.030535424244293646,247,0.028036166126445782,0.5226822698324919,0.058420623783698604,0.4406229373673225,0.06362847629757779,4.0173394937295965,0.06362847629757779,0.0008676691042478684,0.00014716316111824384,0.09620952614847707,0.016572526191167135,0.521814600728244,0.030535778863081033,0.34441341121884544,0.032568009386921185,0.5130320587421635,0.33750049119562464,560.57,0.03054707015160083,0.03261007222524168,0.2556171907560968,0.11905856903882175,detector2,a,1,0,2018-01-17 15:10:00,2018-01-18 10:39:25.099999999,0.5117619064734863,0.03057657741671855,0.33353612128725935,0.03267575776612947,2.63314910321067,0.060050158640305065,2.408036985583992,0.059906651040699525,0.7062371928581633,0.09806654537264022,4.921774024692842,0.12130276676353632,4.501003711371947,0.11961569316223945,1.320069519361053,0.1837166577180119,1169.4166666666667,0.8120949074074074,55.343761243358266,6.609418516620781
46,2,46 21.30,18 57.78,StnX009,"Calm, sunny, clouds",17/01/2018,12,Sampler006,15:10:00,16:40:00,4100b,535,5,/Users/seanselzer/Documents/GitHub/RaDeCC_Reader/Example_Output_Folder/StnX_folder/StnX009/4100b/1-StnX009-4100B-180118-detector2.txt,2018-01-18 17:54:38.000,2018-01-19 04:05:15.800,0.011960529197175418,0.0008363122771430957,1065,0.05344371836326653,928,0.04988797213280651,1.7441003553706826,0.030642570651794782,1.5197419059004635,0.03282660821493064,10.684047622946792,0.03282660821493064,0.005124064637584376,0.0004949678923711269,0.5947242357205185,0.059730018528937556,1.7389762907330983,0.05344601038156759,0.9250176701799451,0.07782342113394208,1.7153883401435097,0.8496979508607421,610.63,0.05348284075287974,0.07846323364702218,0.3507210454681354,0.06992268179409637,detector2,b,1,0,2018-01-17 15:10:00,2018-01-18 22:59:56.900000000,1.7141181878748326,0.05349969950076033,0.8457335809523767,0.07849055592491676,8.819587218404179,0.03178446466864904,8.065586636778434,0.0315134450548214,1.7907760868972615,0.09291054602515136,16.485209754026503,0.16512519922180646,15.075862872483055,0.15271312015308863,3.347245022237872,0.17645959487418275,1909.9333333333334,1.3263425925925927,120.1942437662086,8.4790418256998
47,2,46 21.30,18 57.78,StnX009,"Calm, sunny, clouds",17/01/2018,12,Sampler006,15:10:00,16:40:00,4100b,535,5,/Users/seanselzer/Documents/GitHub/RaDeCC_Reader/Example_Output_Folder/StnX_folder/StnX009/4100b/2-StnX009-4100b-180127-detector2.txt,2018-01-28 00:49:29.000,2018-01-28 10:50:06.800,0.010502543906902634,0.0008524402644119069,595,0.040611727411719256,619,0.04142269052369921,0.9906265088323927,0.040996003084539386,1.0305845528861362,0.04019339355290704,7.80680285700015,0.04019339355290704,0.0031146716155361688,0.00034366628611383923,0.35528612936671444,0.04039430659109953,0.9875118372168565,0.04061318147941627,0.6752984235194217,0.05785792335711598,0.9702917274171112,0.6507221350387822,600.63,0.04063997105445208,0.058011837163131616,0.3137818996213661,0.08116512265677402,detector2,b,2,0,2018-01-17 15:10:00,2018-01-28 05:49:47.900000000,0.969021575148434,0.04066215487379466,0.6467577651304168,0.058048786258603116,4.985869911999954,0.04239067650195312,4.559619939017831,0.04218761595090496,1.3694600355190156,0.0898602072044652,9.319383013084027,0.11774576341355969,8.522654091622114,0.1120823125457166,2.5597383841476926,0.16965809903846968,15279.783333333333,10.610960648148147,105.5425977982377,8.622979450942863
48,2,46 21.30,18 57.78,StnX009,"Calm, sunny, clouds",17/01/2018,12,Sampler006,15:10:00,16:40:00,4100b,535,5,/Users/seanselzer/Documents/GitHub/RaDeCC_Reader/Example_Output_Folder/StnX_folder/StnX009/4100b/4-StnX009-4100B-180514-detector2.txt,2018-05-14 08:46:34.000,2018-05-14 18:37:10.000,0.009756539474335038,0.0008006310908847572,39,0.010573989160850656,332,0.030851451334725017,0.06603454114459871,0.16012815380508713,0.56214019641043,0.05488212999484517,4.503894344734168,0.05488212999484517,0.0013974755388041782,0.00017983195906899288,0.15626855579139085,0.020510877218362884,0.06463706560579453,0.010575518252421002,0.40587164061903913,0.03704737688049808,0.05428733877000903,0.40576479559102124,590.6,0.010617629665855033,0.03704744324740133,0.24718331491074863,0.08206096977220753,detector2,b,4,0,2018-01-17 15:10:00,2018-05-14 13:41:52.000000000,0.053017186501331824,0.010702226469057968,0.40180042568265595,0.03710527437204466,0.27278731637671694,0.20195696737539565,0.24946629350855298,0.20191249713861192,0.8507816293724272,0.09245198849337109,0.5098828343490036,0.3775197347007395,0.4662921373991645,0.3774316957867842,1.5902460362101443,0.17344537738247656,168391.86666666667,116.9387962962963,98.04581925771318,8.097745797054532
